HYBAS_ID,FEOW_ID,WSI_n,FBCI_n,CCI_n,SARI_n,Fish_richness_n,Priority_n,protection_score,Prot_rank_feow,restoration_score,Rest_rank_feow,SAR_score,SAR_rank_feow,AIS_score,AIS_rank_feow
8050008900,101,0.01339739818813056,0,22.27042034345424,4.545454545454546,28.45528455284553,50.53377630121815,109.11922594046379,1,71.76580649829145,1,97.30909796430349,1,94.68821519317919,1
8050221500,102,0.1361062905533274,0,15.90107567390238,4.545454545454546,21.951219512195124,63.68456311608765,128.23943810653037,2,87.28472351821058,2,108.12625064495663,1,98.31961400896347,1
8050259520,102,0.9077522545698792,0,3.8319706670416607,4.545454545454546,22.764227642276424,64.88002953119232,136.3663698544701,1,103.5175802652818,1,98.75647315077184,2,95.35847731327586,2
8050231240,102,0.44614529794036095,0,10.387227268310683,4.545454545454546,17.073170731707318,53.88458225667527,108.99481338433904,5,77.27312497334546,6,90.40525364516128,4,81.31254205429026,3
8050219290,102,0.5841667531970569,0,19.617613623401297,4.545454545454546,15.447154471544716,50.59159526723787,96.96592770467703,8,62.92477254381791,11,95.58439404921603,3,81.19921408111924,4
8050141350,102,0.04231455467340247,0,8.75407664672687,4.545454545454546,19.51219512195122,52.35142118863048,110.02385664683966,4,78.53294809533568,5,86.18607410585889,6,80.84450709422043,5
8050259590,102,0.13105573673141582,0,6.305400700309104,4.545454545454546,17.88617886178862,51.9990603711534,108.92890488374678,6,79.16946873897588,4,83.41449587788863,8,77.76426290548814,6
8050141480,102,0.22997482933969715,0,10.097486041661227,4.545454545454546,17.88617886178862,49.46206248531829,102.58131060307785,7,72.66830092835805,7,84.07431448811657,7,77.2598249900826,7
8050251940,102,0.07786408649933307,0,2.858492456501075,4.545454545454546,16.260162601626018,52.60981912144704,110.12739037212766,3,81.56807794970116,3,80.67772963617982,9,74.95214198267088,8
8050224890,102,0.6823505806750729,0,13.29993261422945,0,15.447154471544716,50.77002583979328,95.21907468720748,10,63.10859804932795,10,79.96215627376,10,73.8088521709681,9
8050221510,102,0.05305900272526956,0,20.17094866054035,4.545454545454546,13.821138211382111,44.57820337437301,85.2773998023931,13,52.38350098077644,13,87.5687889378291,5,73.10349668696043,10
8050219130,102,0.14795158026423702,0,7.703729234234517,4.545454545454546,14.634146341463415,47.22365776629343,96.76783236217834,9,68.9906336444447,8,78.6638271694465,11,70.45930984037658,11
8050251780,102,0.05743637045010429,0,8.43429571990293,4.545454545454546,13.821138211382111,45.21051831585347,92.22618803350285,11,64.8689508046606,9,76.65621903093789,12,67.87352632172431,12
8050231190,102,0.1884085392522278,0,10.303592698865598,4.545454545454546,15.447154471544716,41.51774785801714,86.45103528362425,12,60.64943710364291,12,73.9468390406829,13,66.92217405916381,13
7050014940,103,45.64534219156921,80.13937283718269,1.94950197759064,13.636363636363637,33.333333333333336,86.31751433793409,61.99257456540843,29,274.24424128352365,1,314.05141435744275,2,344.17884885582515,1
7050016260,103,12.598839371456686,78.23129250806608,0.7073222727899566,40.90909090909091,34.146341463414636,83.96702350190724,125.22123257389453,21,229.17459562869087,2,315.99789607211284,1,320.18769177466476,2
7050055790,103,7.665149329522564,85.18518512433863,1.7806322714549283,22.727272727272727,21.951219512195124,97.46387214087471,112.47535744354185,25,193.36201120724039,3,297.3729858175832,3,309.7841196641043,3
7050016270,103,5.559387933629342,88.15331015375808,1.1307447138258857,9.090909090909092,33.333333333333336,88.96955946303648,93.10895481221172,27,170.62073732564102,4,257.3687086996957,4,301.24603465318705,4
7050274860,103,5.122312408967332,75.10204097860058,3.285553705260524,22.727272727272727,28.45528455284553,74.66666666666667,92.74894327794902,28,164.47835716713516,5,252.6151154109511,5,272.2483306089086,5
7050016860,103,0.9498874698140702,41.07142858316327,0.34217896215546767,4.545454545454546,19.51219512195122,100,149.89254815345714,13,148.25806524991575,6,193.6323372924495,6,200.83728888862652,6
7050274850,103,1.494227207032992,31.797235180513496,4.021188563010822,18.181818181818183,25.203252032520325,80.0066683337501,144.44046995931208,14,147.32427471004274,7,189.37732153664376,7,185.7594327637559,7
7050234050,103,4.774914159818916,31.797235180513496,3.70999619628942,13.636363636363637,25.203252032520325,70.39093106609987,119.70438153813734,22,138.14235779034837,10,171.85650893641753,9,175.9702896568819,8
7050019020,103,0.9876772853825684,28.57142866530612,0.7410646843692713,4.545454545454546,18.69918699186992,94.15571284125376,152.56548205868708,10,139.28196250756346,9,170.43298707993577,10,171.51492331021177,9
7050017150,103,0.11699510100921938,26.28571429322449,0.5221699247152163,4.545454545454546,20.32520325203252,96.6284237726098,161.92825148300372,8,141.61414865435006,8,169.1656684283945,11,170.11210656388405,10
7050234040,103,1.2377971589344754,25.274725307221352,22.265391384488677,13.636363636363637,21.13821138211382,76.05645000993836,126.79364040336112,18,112.62197125887897,24,184.04853757326322,8,170.00898921440466,11
7050177910,103,1.6861802203147749,30.80357143737245,3.4437024689993745,9.090909090909092,26.016260162601625,68.56589147286822,116.58751195920843,23,122.58915100457818,21,153.6508914365056,16,164.19520756225756,12
7050018030,103,0.6488117197574164,24.33862432123961,1.0529854203563866,4.545454545454546,21.951219512195124,88.42951478610395,150.83228042194438,11,134.3297913930009,13,157.38336788886488,15,160.96891169879575,13
7050177760,103,4.399867394940389,21.90476202054422,6.7048730507948,13.636363636363637,24.390243902439025,68.52024117140397,125.44122943845896,20,130.37692855974092,17,159.13168403066757,14,156.1302307896643,14
7050057510,103,0.4428512624036694,19.327730962665065,5.047536409362896,4.545454545454546,13.821138211382111,98.1547347621219,163.1080634601603,6,132.61158881815305,15,167.1905896344667,12,155.090443974347,15
7050016850,103,0.147383583640063,16.428571433265308,6.915488482292972,9.090909090909092,16.260162601626018,91.7002583979328,162.1375873114436,7,131.25277496507982,16,166.21989343684214,13,150.83152464257162,16
7050019200,103,0.6683886346979455,13.690476303911565,0.7913589185686232,4.545454545454546,19.51219512195122,92.00689061154176,166.3550252775863,5,135.4882781691003,12,148.06278051439367,17,142.48186309894547,17
7050019010,103,1.26583552568711,9.956709859987631,5.816391173861959,9.090909090909092,26.82926829268293,75.07008065147599,150.72506261279915,12,125.81492774979952,19,136.95635626483312,19,133.8993892793424,18
7050192890,103,3.2707842858122933,13.142857146612243,19.744531650990144,4.545454545454546,20.32520325203252,68.18397932816538,114.81935334586817,24,96.10585251114209,28,139.40014111869513,18,131.53611936626885,19
7050192750,103,13.24887914183218,11.734693974781342,1.850660829650462,0,21.951219512195124,67.9660391288298,111.47564142599347,26,133.9565302212804,14,124.6469674868022,23,130.64084688559853,20
7050020100,103,0.09086354216702412,11.734693974781342,3.0791706913649044,4.545454545454546,22.764227642276424,74.71391657438168,141.52312789269482,15,114.65042172369627,23,124.60974166582889,24,125.20218963936306,21
7050020090,103,0.2073299102140862,12.169312160619803,8.222302773364499,0,21.13821138211382,72.47392094937314,127.7742860240867,17,99.0084829439999,27,117.90853234701359,26,120.31982338495543,22
7050017940,103,0.04364102974153421,0,0,4.545454545454546,17.88617886178862,95.27836504580692,186.4217065152365,1,135.74580544199554,11,132.93548381696095,21,117.77022702350786,23
7050019190,103,0.3607834437659201,0,2.989046422254574,4.545454545454546,19.51219512195122,88.76830318690783,175.06698716582298,3,127.5916222537149,18,127.98163446730945,22,114.81838986792326,24
7050017140,103,0.27932089570175916,0,4.507830699167451,4.545454545454546,15.447154471544716,91.97878416972664,175.83211923771574,2,125.54686038606413,20,133.52955046468722,20,114.61079665028717,25
7050018020,103,1.0666622433144728,0,12.540106098941031,0,19.51219512195122,81.87700258397932,152.64879510577651,9,105.19912346062817,25,119.99602864210185,25,109.13134118169478,26
7050017930,103,0.8237772300791698,0,1.7403890919118878,0,16.260162601626018,88.65263935031375,166.66421303624966,4,120.03603224194751,22,117.59359788512079,27,106.91988362538054,27
8050000810,103,0.00502734050821929,0,0.01763144025986011,0,20.32520325203252,67.5014907573047,136.12114674368578,16,99.07205475224198,26,87.2998024429119,28,87.84244791433143,28
8050000010,103,0.12322953382943856,0,2.4651805713449977,0,20.32520325203252,62.794673027231156,126.70385860214161,19,91.43284708503259,29,83.83849102202558,29,84.52253447361481,29
8050331970,104,32.41184339550451,36.50793648185941,8.366312645814093,4.545454545454546,29.26829268292683,52.19638242894056,47.17958302799947,19,173.5912508572119,1,181.01075179232794,1,201.85577994793147,1
8050331980,104,15.818797244730884,37.551020325014576,8.618356934066995,4.545454545454546,28.45528455284553,49.54152823920266,57.13137250096604,13,127.45434963620627,2,154.36565880463462,2,177.52635483015308,2
8050332620,104,4.1814061038970625,36.50793648185941,8.18299411067468,4.545454545454546,29.26829268292683,52.19638242894056,75.50167958717664,3,102.21369346711381,5,138.62061553596556,5,162.80356242723835,3
8050338780,104,13.38027644589364,28.991596608283313,11.062872066616915,9.090909090909092,27.642276422764223,44.67548259613924,63.71513728955726,8,118.21603022839356,3,145.53148002050597,3,158.55735697171988,4
8050333260,104,1.6090527254207752,37.91208779654632,3.612008393454104,4.545454545454546,21.13821138211382,57.69032001590141,80.11062159998407,2,98.66058764095351,6,139.1154002021497,4,156.90612281057702,5
8050272130,104,0.904650292623053,37.551020325014576,11.273417158000557,4.545454545454546,28.45528455284553,41.06016980435584,56.166839448068686,15,77.09874291782536,9,123.7570500998589,8,149.7896540168075,6
8050271000,104,0.5569141902747836,36.50793648185941,10.24461857314007,0,28.45528455284553,42.595463680734994,55.69677706808383,16,72.35941436226716,12,113.16797065924594,10,143.8728663856129,7
8050266590,104,0.23479391326221977,34.58646620988185,10.364936970334336,0,30.08130081300813,44.585883312933504,63.11326032782594,10,75.21060849375493,10,112.90554388187644,11,143.582210844512,8
8050315160,104,7.9613659361096385,30.80357143737245,13.881149658809708,4.545454545454546,26.016260162601625,38.54005167958655,48.4657543985671,18,86.43751441514581,7,124.96692006714868,7,143.50296099633346,9
8050264770,104,0.16720642705822372,34.58646620988185,7.915193378972281,0,30.08130081300813,44.585883312933504,64.40571960971097,6,77.48902566659989,8,110.35475145868153,12,142.26406220135488,10
8050333190,104,0.310818974727095,29.87012990853432,18.17736952341872,4.545454545454546,17.88617886178862,53.76556260277191,72.98673623580221,4,72.30327558408268,13,136.30829465816305,6,140.47674391757477,11
8050338740,104,5.837004706811074,33.9901478382829,8.869325095483644,0,22.764227642276424,35.86919718435357,36.64283968190086,22,73.37093979201738,11,107.74765172647119,14,133.43895314234317,12
8050332600,104,9.029006189491843,19.913420048546698,8.18555281897677,4.545454545454546,26.82926829268293,48.823114869626494,80.68035467182699,1,106.74185772247957,4,120.1376115666065,9,133.2593965190526,13
8050271080,104,0.0726908337336193,28.991596608283313,18.33395342246476,0,26.82926829268293,41.89086487308102,57.56943674278284,12,59.96821975059517,17,109.94222077625747,13,131.13869025442412,14
8050328000,104,2.763356370314274,31.797235180513496,11.001157474139069,0,24.390243902439025,36.049012253063275,42.997294010179644,20,65.10082406682174,15,102.69241037770841,15,128.04844792537986,15
8050315230,104,3.174653045854704,24.33862432123961,12.784297207547333,0,21.13821138211382,33.91712125562255,42.98926113334659,21,57.99948399176809,18,92.7283013212673,16,110.44960099931366,16
8050327990,104,7.077635747081104,11.330049388951444,11.646415385231128,0,22.764227642276424,34.58611779381627,56.73844040291915,14,70.35343743686,14,81.5371960591727,17,93.71308818278018,17
8050311330,104,0.07587437389713547,11.330049388951444,13.407972080287315,0,22.764227642276424,33.887552347857095,61.66092078394145,11,50.02823679879596,21,71.92734985834338,18,84.23223674579205,18
8050307380,104,0.17737040962027634,11.734693974781342,15.458577829740042,0,21.951219512195124,31.480251015134733,55.1458877137006,17,44.64710572859855,22,71.53836326928524,19,82.9191522795291,19
8050311240,104,0.8199544615803211,11.330049388951444,7.956253267087329,0,22.764227642276424,33.887552347857095,63.64270010285826,9,57.36611211333239,19,67.58809176640086,20,82.53327519775935,20
8050307300,104,0.4874553130446672,11.330049388951444,7.941347742930044,0,22.764227642276424,33.887552347857095,63.98265201347255,7,56.53817095864349,20,67.07607276115421,21,82.06694352028082,21
8050311100,104,5.612188804306354,0,12.154777195539085,0,22.764227642276424,33.887552347857095,69.21425812375294,5,64.37117422472703,16,64.35966856967212,22,70.47449702823536,22
8050258570,105,0.01432593073582278,35.52123549586321,8.475106598772122,0,29.26829268292683,43.8019414763601,61.09240942221899,35,74.89186866650616,18,110.87638397580861,3,142.44982361530197,1
8050252610,105,0.08608823192174986,24.64285714989796,11.41717185101881,4.545454545454546,32.520325203252035,48.91989664082688,88.66218408256643,25,87.03907027759394,6,116.21490893446293,1,136.9916433073647,2
8050269310,105,0.128137491581526,27.3809522792517,12.121628009258744,4.545454545454546,29.26829268292683,43.56014929658341,72.80845124598841,31,77.16430760864631,14,113.57879247477142,2,133.80996437609122,3
8050262310,105,0.247241555301568,29.87012990853432,15.412311982859103,0,26.016260162601625,41.55665178920991,56.50291507531999,37,62.20261468653669,35,107.9808774884533,6,130.38218849667157,4
8050246110,105,0.13553497774148307,31.797235180513496,10.100437452686348,0,24.390243902439025,41.557055930649334,55.52542022899993,38,65.76637337591322,28,104.98439299664827,9,129.4795002585984,5
8050246160,105,0.01512181577670182,31.797235180513496,10.295012041671868,0,24.390243902439025,39.86329915812287,52.64263086264343,42,63.29051585492989,33,102.80903229226828,10,127.71684971993454,6
8050252780,105,0.05451812530021448,31.797235180513496,9.898062709614,0,24.390243902439025,39.86329915812287,52.801709219148854,41,63.78733025066364,32,102.47098367215378,11,127.57274552632494,7
8050272020,105,0.19139443463059236,28.16326540804665,11.356369841652636,0,27.642276422764223,42.0642303433001,62.96113404479256,34,68.19294340225399,27,102.2994679212954,12,127.2814865755297,8
8050252880,105,0.15896291509981222,31.797235180513496,8.491831850091982,0,24.390243902439025,39.86329915812287,53.40037985911026,40,65.45831650758464,30,101.2209063344305,14,127.01377335850455,9
8050258460,105,0.04536544733010547,30.80357143737245,8.765829670978393,0,25.203252032520325,39.780361757105936,55.14072406271042,39,65.52980483187636,29,99.93811597740353,15,125.90235134975084,10
8050298780,105,0.8116878689557241,21.19815667748519,12.119208666851677,4.545454545454546,25.203252032520325,44.70450946069852,76.82548104376393,29,75.65426091600885,17,108.11522244779866,5,120.49631032923006,11
8050269450,105,0.02427449374681082,9.12698420260771,14.071459369100412,4.545454545454546,29.26829268292683,46.10967556703989,96.39089044716252,20,76.40447893553197,16,95.16079905712931,20,103.72545784957632,12
8050231560,105,0.00888738295648265,9.12698420260771,11.556999157583643,4.545454545454546,29.26829268292683,47.3155325868504,99.73235151456684,18,80.28676780017312,11,94.18242171773983,22,103.65284915823906,13
8050009570,105,0.059426083052301903,0,29.719384964535607,4.545454545454546,29.26829268292683,54.44731553258686,112.8760361660668,8,69.81232314117958,24,109.88680875336442,4,103.20276861577429,14
8050311060,105,0.14260694691972062,22.66009844933146,8.571997837088306,0,22.764227642276424,32.60447295731978,49.34778997799778,44,54.48061515441051,37,80.123945203006,36,101.39502383426998,15
8050009560,105,2.758327570683479,0,13.753673512586833,4.545454545454546,30.89430894308943,53.96436828505371,118.95743210976875,5,93.68201384322626,3,97.33175960358247,16,100.0877101998389,16
8050148430,105,0.01095668406276816,0,9.227290866008271,9.090909090909092,32.520325203252035,52.23772609819121,127.74531143252325,1,97.4466402203511,1,96.14745377559854,18,98.47772704091821,17
8050164290,105,0.15812975610951863,0,19.246499166477708,9.090909090909092,30.08130081300813,48.57322438717788,113.86246110134368,7,81.08622215794614,10,101.64875627598578,13,97.58691724815026,18
8050183170,105,0.02984568903296412,0,9.11518272892785,9.090909090909092,30.89430894308943,51.549027607779145,124.97488595840443,2,95.17713195632503,2,95.17314779697772,19,96.13302675807441,19
8050297770,105,0.4074484387202742,17.293233104940924,9.731268045309148,4.545454545454546,15.447154471544716,37.44866041071673,60.514419940130985,36,58.47083650282304,36,90.71254272451236,25,94.57347986135811,20
8050122100,105,0.00886085345512001,0,20.82061303495333,4.545454545454546,28.45528455284553,50.82908822443705,110.3553217763915,10,73.54864477048811,20,96.2343255856598,17,94.25236261986905,21
8050297840,105,0.01089036030936157,18.25396840521542,12.785283198961652,4.545454545454546,14.634146341463415,33.672121734137235,51.03488712536952,43,49.27268408740217,40,89.52818417933986,27,92.72500264621085,22
8050122010,105,0.01578505331076769,0,10.062889600340034,4.545454545454546,31.70731707317073,51.31915457496852,119.82008034809158,3,88.14769684254121,4,86.12057553746916,31,92.62515579584428,23
8050112350,105,0.2372025266909334,0,10.51437320395626,4.545454545454546,30.08130081300813,52.26063272574901,119.36216371239301,4,87.72985570347383,5,88.12036109255897,29,92.47193563931532,24
8050231700,105,0.01512181577670182,0,24.70362493012268,4.545454545454546,28.45528455284553,46.86009597637505,101.59810310595478,17,65.05101273071277,31,94.9950717917649,21,92.23351701399844,25
8050148510,105,0.03329452421010664,0,13.075264606420337,4.545454545454546,30.89430894308943,49.98232014143888,115.18981833642475,6,82.80705800667319,8,87.4306962388395,30,92.0056653896821,26
8050170630,105,0.0032100696648788,0,11.377103655400424,4.545454545454546,29.26829268292683,47.09732988802757,109.49329698118757,11,79.43712014113754,12,81.95746815388459,34,86.60405913075074,27
8050194580,105,0.00844964618399917,0,37.97913001245616,9.090909090909092,19.51219512195122,38.82859603789836,77.35822519436279,28,40.03633087275409,42,107.55848764727139,8,86.43292653339452,28
8050196780,105,0.07096641614504803,0,12.750220359236277,4.545454545454546,28.45528455284553,46.86009597637505,107.51896079102964,14,77.14597686997473,15,83.12515947585544,33,86.33388533087353,29
8050112340,105,0.05412018277977495,0,12.251514732844374,9.090909090909092,24.390243902439025,46.18087855297158,107.66844758584898,13,79.33542736684856,13,91.40513499698692,23,85.86247966273207,30
8050010040,105,0.00567731329160384,0,15.902461243993004,0,27.642276422764223,49.91952750092285,105.33043735652927,15,69.99365525888936,23,80.45336868785007,35,85.52086975180998,31
8050164230,105,0.00122964238815812,0,41.26852919284471,9.090909090909092,17.88617886178862,36.42001409443271,69.96241526648237,32,32.29260129473922,43,107.72296618105426,7,84.0330636613283,32
8050243400,105,0.2429833050378515,0,6.238665072905276,4.545454545454546,28.45528455284553,46.86009597637505,110.60272154530233,9,84.09357496768517,7,76.87078353816418,38,83.31550656151937,33
8050252760,105,0.19441097158303075,0,6.855175933455769,4.545454545454546,28.45528455284553,45.67884828349945,108.31641590070497,12,81.97581658141759,9,75.8874050345369,39,82.37548008306507,34
8050009900,105,0.00903329521397714,0,26.02075135499346,4.545454545454546,21.951219512195124,42.721791559000856,87.34162904771983,26,52.38636575326268,39,90.95256037505357,24,82.24130805903533,35
8050009890,105,0.06128314814768634,0,19.34356368135216,4.545454545454546,21.951219512195124,45.66178581682457,95.67201137274047,22,62.62599402932098,34,88.15469521130719,28,81.91481800558037,36
8050194590,105,0.06340550825669712,0,8.873685333127284,0,27.642276422764223,46.86009597637505,103.53814471825481,16,73.5994286527717,19,69.55527252247724,42,79.0267204051522,37
8050243490,105,0.00485489874936216,0,21.651396738257365,4.545454545454546,20.32520325203252,41.591731266149864,85.96566625501663,27,53.800708685665604,38,85.11587065770806,32,77.29478763239709,38
8050286910,105,0.4859890275043544,0,10.792583955647093,4.545454545454546,25.203252032520325,40.53013253313328,93.97064200189119,24,69.51865746414265,25,73.60382073555641,40,76.34583992779517,39
8050298770,105,0.13025985169053675,0,10.979936101631807,4.545454545454546,20.32520325203252,44.5188630490956,96.19796229377947,21,68.20504337612913,26,78.41647513125895,37,75.05925928095338,40
8050196880,105,0.00575690179569174,0,35.488279926947875,4.545454545454546,17.88617886178862,34.44679351656096,64.34899542953222,33,29.19132687171584,44,89.71620310228771,26,74.6305119327427,41
8050270520,105,0.1107606681890002,0,7.4943087690354995,4.545454545454546,25.203252032520325,40.8902225556389,96.61280095697981,19,72.28587741735095,21,70.21011933353455,41,74.53894326382222,42
8050286860,105,0.2949791379960135,0,6.0107107397838515,4.545454545454546,22.764227642276424,40.62015503875969,94.26801235970412,23,71.48234468687477,22,68.65276481287714,44,71.34229050176171,43
8050270510,105,0.03342717171691982,0,15.54342689877011,4.545454545454546,17.88617886178862,34.033356824054486,73.58443378197794,30,48.72397800874646,41,69.27817498518367,43,64.28283620273547,44
8050183070,106,0.04072278459164438,0,9.494251649515393,4.545454545454546,30.89430894308943,52.58261933904529,121.43413276822042,1,89.4405831371016,1,87.22279214304461,2,92.8257097804033,1
8050155650,106,0.00753437838698827,0,12.549114485225804,4.545454545454546,29.26829268292683,47.87826586276199,110.24278994191641,2,79.18716290161962,2,84.14563917733747,3,87.97696845777452,2
8050010050,106,0.0012747425404746,0,28.183963154364456,4.545454545454546,15.447154471544716,42.49694002447979,79.377947280349,8,43.43709509409666,9,92.81345536668834,1,76.58328987872845,3
8050155470,106,0.00579669604773569,0,11.069054643186574,0,20.32520325203252,45.684754521963825,93.16450626966437,3,62.56972283491699,3,70.14487854064795,8,71.55248506072338,4
8050170460,106,0.00519978226707641,0,11.545067041585348,0,18.69918699186992,42.77347114556417,86.30630056987448,4,57.069683796863956,4,66.85591494665208,13,67.25236782832386,5
8050010440,106,0.00246724362672503,0,20.657970567387416,0,13.008130081300813,42.48670010639915,75.56952207387482,9,41.92423048041735,11,75.59395842630802,4,65.82722049087852,6
8050150880,106,0.00478857499595557,0,10.441688600669536,0,18.69918699186992,41.58484065460809,84.81911205890295,5,56.78528430238018,5,64.21510653693439,17,65.5114806136624,7
8050155560,106,0.01253518939384493,0,13.530539108606131,0,17.88617886178862,39.83372654757893,79.44961099008253,7,50.86009597289113,6,65.05147214412449,16,64.5024746594404,8
8050010430,106,0.00331618767032934,0,21.40271800303409,0,13.008130081300813,40.68703450372397,72.1086803539242,13,39.08202514941908,14,74.01313472770946,6,64.40110022563437,9
8050011280,106,0.00668543434338396,0,23.64096389821827,0,12.195121951219512,39.68992248062016,68.46247217307194,14,34.87601441240915,15,74.96722257983473,5,63.71475288535936,10
8050010700,106,0.00616810906681258,0,13.36409513059685,0,14.634146341463415,42.2358221134231,80.40835318458552,6,50.56081244912256,7,67.98124858062997,11,63.560528568897055,11
8050011270,106,0.02759068141714017,0,15.009337320986043,0,16.260162601626018,38.86304909560723,75.40378508157694,10,46.66098839468876,8,65.29776223949578,14,62.66595799497617,12
8050010200,106,0.0041253374618897,0,18.34194257440437,0,13.821138211382111,39.48320413436694,72.38590024616205,12,41.55339104451466,12,69.39710149608229,9,62.48100697198235,13
8050010210,106,0.03780453944175455,0,17.391552192123285,0,13.821138211382111,39.48320413436694,72.82741623532273,11,42.589154287628425,10,68.49706428135143,10,62.052292127465606,14
8050150960,106,0.0070966416145048,0,14.720787983995308,0,16.260162601626018,33.5277470161191,66.41497528241578,15,40.673068631071544,13,58.080404287964,19,57.1580976174008,15
8050011810,106,0.01180562810637247,0,22.279972238557136,0,12.195121951219512,33.0749354005168,57.78876154158869,16,28.532500241100834,16,65.06117546132282,15,56.42633630618431,16
8050012610,106,0.01142095033661427,0,39.64835350777229,0,9.75609756097561,26.11011727290797,34.716652864729895,19,0.5984983193484545,21,73.42396422863082,7,55.70615353280442,17
8050011800,106,0.08131292167647561,0,31.18811405122281,0,12.195121951219512,27.777777777777775,44.17704785399855,17,13.620534108863072,18,67.22438611549197,12,55.67917594515768,18
8050012600,106,0.00236112562127449,0,27.46254112447537,0,12.195121951219512,25.83979328165375,42.79385849598096,18,14.884991500907287,17,60.87509685790174,18,51.76944436214484,19
8050129410,106,0.00144585782426359,0,37.1000670546767,0,8.130081300813009,14.4702842377261,14.404728125917822,23,-12.084322395055068,25,55.811283098606005,20,41.1523944805218,20
8050156300,106,0.00152544632835149,0,35.28946019963493,0,8.130081300813009,12.966878083157154,12.730614176854884,25,-12.02748763940702,24,52.05699737848912,21,38.743794737770195,21
8050159820,106,1.5387110790328172e-5,0,32.36942228558292,0,8.130081300813009,12.966878083157154,14.19214319309845,24,-9.111277549883248,23,49.13470180213151,22,37.28169176236701,22
8050160010,106,3.793718694856774e-5,0,25.44835093494018,0,9.75609756097561,10.558537070164975,15.146771852601612,22,-3.3738639590811523,22,39.0998495226404,24,33.038862455361894,23
8050177260,106,0.01168624535024062,0,18.81529137980012,0,10.56910569105691,12.757475083056486,23.037297271797495,21,6.667158514586479,20,35.32727651318699,25,32.75035454017555,24
8050177370,106,0.00689767035428504,0,16.114075142513407,0,11.382113821138212,12.292850990525404,24.408563893392493,20,9.627182959864527,19,32.01817486434105,26,31.741521792232795,25
8050156310,106,0.00389983670030731,0,35.57974417439471,0,7.317073170731708,6.0775193798449605,-0.04972574485363879,26,-21.162346094611323,26,43.443377584467434,23,31.189846765346847,26
7050282770,107,53.346884558413535,64.11149820403186,9.952230852508462,18.181818181818183,33.333333333333336,60.99703787735552,29.59257046233529,5,261.4787237811789,1,289.8710826133628,1,308.64957998912195,1
7050256690,107,34.0728150183295,67.64705886218486,14.032335178051971,4.545454545454546,27.642276422764223,55.10867913056695,11.803067938987937,6,176.50218834269546,7,233.028871947921,4,265.35575383978335,2
7050184430,107,59.39263969758915,51.87969931482277,13.41917560725987,0,30.08130081300813,50.84183326533388,-5.861161513027525,9,230.85434113736648,3,234.76570000837825,3,264.71272164134024,3
7050256540,107,48.39419024082579,37.551020325014576,26.07978280005168,9.090909090909092,29.26829268292683,54.58512776342233,30.405026393896208,4,205.85587384484063,5,236.7330326308586,2,241.6161202968781,4
7050184580,107,74.67126300005258,29.87012990853432,19.68597942648868,0,26.016260162601625,47.357293868921765,-10.105995125571482,10,253.3526034090328,2,231.02437738427,5,241.0315490975152,5
7050208540,107,58.19723960007731,38.65546225390156,22.662813792274743,0,26.82926829268293,48.615291077671365,-1.8129475326981463,8,211.62881787749552,4,222.31214105098567,6,237.9617710986004,6
7050282720,107,41.433370122677204,35.52123549586321,17.92242744558826,9.090909090909092,30.08130081300813,54.931210280047495,45.0840564792246,3,197.4159819278669,6,216.00202403883011,7,225.36869937805807,7
7050208410,107,38.50165143493032,38.65546225390156,33.81189227997914,0,26.82926829268293,45.62395500835993,7.175977819079193,7,147.06382149495047,8,200.14711481031406,8,213.36328019906952,8
7050203140,107,6.166043479836492,37.91208779654632,31.88191548245368,9.090909090909092,21.13821138211382,49.453388988272714,52.40051874501425,2,78.9232784570942,10,173.23066033360334,9,173.6386595113497,9
7050202930,107,3.98892528618567,32.857142866530616,16.32113313666568,4.545454545454546,24.390243902439025,45.57450473729543,59.40200685585354,1,80.67983239436367,9,133.20758066453357,10,148.41394289247788,10
7050073760,108,41.69976226383238,100,20.11455915789595,0,17.88617886178862,43.59060779687675,-69.08408526683212,15,162.66471066283174,2,267.60657426067843,3,312.41684522917694,1
7050289200,108,49.8111752128714,50.12106542860602,32.01115570161129,4.545454545454546,47.96747967479675,75.18241142206455,61.11884626234955,1,240.70233900973156,1,277.92039231033345,2,304.3334730379902,2
7050217780,108,38.73243342434898,48.31932789951981,100,0,26.82926829268293,46.5359477124183,-35.21443842055514,14,83.33003290819386,9,280.3052901769895,1,265.40491381075077,3
7050194980,108,48.7614411790814,44.40154436982901,55.89143054814203,0,29.26829268292683,50.10405754591802,-10.318902401872151,11,159.1363080897921,3,250.75859278900364,5,256.01609847484144,4
7050194860,108,38.667804110194425,53.281853243794814,51.401745963000806,0,29.26829268292683,45.50038410503525,-15.64711337986978,12,133.40886977583438,5,236.66263062037004,6,251.5180164039429,5
7050217900,108,48.30862941539114,32.857142866530616,89.39836887392192,0,23.577235772357724,44.51335055986218,-29.203542224450672,13,111.30596274267893,7,261.49236176703823,4,239.6981464393933,6
7050074540,108,25.60174387432487,48.31932789951981,12.902769624707627,0,26.82926829268293,51.813345493236056,30.51910058203623,9,143.2994561761621,4,180.39990481964168,8,209.01215652719225,7
7050073880,108,31.988715490888897,31.797235180513496,53.90355640678123,0,24.390243902439025,50.1058597982829,16.437543741829415,10,112.68096767668698,6,207.4636266743047,7,203.89013535219323,8
7050161180,108,12.608969926847022,33.69963385248561,16.442356074599715,0,30.89430894308943,46.30490956072352,52.43816761406414,2,103.24492278230434,8,138.5638172127604,9,164.60457818630329,9
7050142810,108,0.36385914150639714,45.63492068446712,9.847892411619805,0,28.45528455284553,41.78007464829171,44.64958006607009,4,72.07606323578786,10,123.18282036229667,10,159.32548520551146,10
7050145630,108,0.8036160028711289,39.82683976852196,13.684994238719892,0,26.016260162601625,37.99859055673011,39.75338588871165,5,62.018931344334064,11,115.30809898012592,11,144.9822835570409,11
7050144740,108,0.9171105361755484,41.07142858316327,11.48154209555548,0,25.203252032520325,36.26614987080104,35.587277821570176,8,61.779605736607984,12,112.63728668998974,12,143.77348755658264,12
7050145540,108,0.2625615464534487,41.07142858316327,10.712614679235411,0,25.203252032520325,36.26614987080104,36.62629051945231,7,60.889327574330174,13,110.8897548824786,13,142.4856870074034,13
7050161120,108,2.2150711656527,31.797235180513496,14.150776731606385,0,24.390243902439025,34.40860215053763,39.15637924153344,6,58.647553783350986,14,102.9013640388239,14,127.22616425058435,14
7050144640,108,0.3468668632361227,21.90476202054422,11.769083165071832,0,23.577235772357724,34.136089577950045,51.81660303049411,3,54.33825444822034,15,84.63390607850168,15,104.23530496577364,15
7050284070,109,54.21499868705498,66.74107144764031,11.832947407911051,9.090909090909092,52.03252032520325,80.73643410852712,67.22962661188355,9,290.5643711150983,2,302.5938206611578,1,344.95657273879425,1
7050206680,109,18.82265893200823,90.47619055442178,16.992630691285978,9.090909090909092,56.09756097560975,73.57375575778002,65.70979463353447,10,193.37573110779016,5,276.14617476917147,3,339.1085299206013,2
7050284240,109,59.56558206813699,56.473214301849495,12.4298559991132,9.090909090909092,52.03252032520325,80.5297157622739,72.52057284970942,8,302.4337430679695,1,297.6992623591955,2,333.60819320244275,3
7050250980,109,45.19572073306531,48.84169897109763,15.008372519510091,9.090909090909092,60.16260162601626,78.07807807807808,97.91974088163857,5,268.0631767022965,3,265.7953974347805,5,306.7530745572078,4
7050289500,109,48.514913002071474,61.6071428747449,12.955883388556591,0,38.21138211382114,76.70973298880274,47.05869408182437,11,242.86377897639395,4,264.0124482830761,6,301.30045583332424,5
7050073860,109,53.760908068751526,52.99539185799869,41.45148411810827,4.545454545454546,25.203252032520325,53.02658998082853,-11.48895285653208,12,192.90096532369267,6,268.3217685825352,4,274.8541753996148,6
7050192420,109,12.829858799912538,64.63700220418201,20.285285848971792,4.545454545454546,49.59349593495935,67.05129834371162,75.67133639230228,7,152.03425097530715,8,219.0862359412077,8,267.5404286733523,7
7050250990,109,3.303470223261141,41.07142858316327,23.606549561891963,27.272727272727273,65.04065040650407,78.71834625322997,170.4912787264903,1,184.6141579589543,7,241.31007224517896,7,262.6917056472216,8
7050192560,109,0.5920433621516232,51.87969931482277,21.78264248323142,4.545454545454546,46.34146341463415,65.57686205177025,95.41183889412684,6,113.48013843974863,12,183.95085374222913,10,223.2849567490038,9
7050206690,109,1.4335892563584451,38.09523811088436,20.754694086538425,9.090909090909092,56.09756097560975,73.17230273752013,138.14812234661775,2,140.70095684234684,9,185.93078575519914,9,220.55787262762175,10
7050159850,109,0.5026873588995309,45.32019689866292,14.041533779322007,4.545454545454546,47.15447154471545,66.48489708634054,108.9580918314415,4,122.32049720138023,10,168.8023315635853,11,208.98637176107025,11
7050192440,109,0.1407482900542544,40.35087735438597,19.54782164533141,4.545454545454546,46.34146341463415,65.57686205177025,109.66224854165469,3,113.61024358268324,11,166.19358452806648,12,200.4085446952423,12
7050251370,110,0.7819041263084417,40.069686582877054,29.49517232064143,13.636363636363637,33.333333333333336,50.61070145585176,75.89898710504237,25,87.9778832402601,9,176.751284165672,1,186.86817510933747,1
7050159950,110,0.4493826929916433,34.2261905954932,14.430072776662454,4.545454545454546,39.02439024390244,57.32127476313523,97.16876806720299,4,102.05136253769692,1,142.9755245946998,5,171.47436081700644,2
7050134090,110,1.680630779219739,37.337662467810766,13.499703429147178,4.545454545454546,35.77235772357724,52.534648813718576,81.51581771103957,20,97.52566247680012,4,141.7044017772128,8,170.3741165569168,3
7050134100,110,0.7848467785995851,37.337662467810766,12.332561323641707,4.545454545454546,35.77235772357724,53.05144467935165,83.88182012906486,17,97.02502481156905,5,139.86616967900386,9,169.0710783825159,4
7050132870,110,0.6553274979395862,42.12454206917844,12.37230620576684,4.545454545454546,31.70731707317073,48.03286291658383,66.0506654673762,40,87.13581753983064,10,139.3885219488957,13,168.6045260177322,5
7050237270,110,0.17922827060070165,22.40259734925789,49.148037113888485,4.545454545454546,35.77235772357724,55.35353535353534,86.45788336034562,14,60.115560217636755,27,159.51808306478983,2,161.5641458863328,6
7050129240,110,0.09152677970108998,30.56478412301851,13.696950439572351,9.090909090909092,34.959349593495936,51.88149750615949,93.63650531460092,6,97.75170618040617,3,139.64073099276123,11,158.94198420817196,7
7050237380,110,0.39289488486276,23.469387620991252,47.34525412588612,4.545454545454546,34.146341463414636,52.59505352528608,79.61349843592272,22,57.70461735736267,28,155.84212378109038,3,158.5289177327911,8
7050252700,110,4.3901006916612415,20.972644305992183,22.218698100121355,4.545454545454546,38.21138211382114,56.658419924129966,101.96239490512136,2,101.56119815146315,2,138.72986076711396,14,155.03318977645807,9
7050021740,110,0.38902714885910145,34.58646620988185,26.005743126830932,4.545454545454546,30.89430894308943,42.60573915408678,57.66800913155657,49,65.05451469106848,24,135.89880273069267,16,154.99378826233198,10
7050022240,110,0.7740113343580443,32.857142866530616,18.061634242801045,4.545454545454546,32.520325203252035,47.1111111111111,72.51304971965965,28,80.71268698448027,15,132.12824528755772,20,154.51400892421304,11
7050287980,110,4.176303154309959,21.90476202054422,24.555018785077724,4.545454545454546,36.58536585365854,54.99626758541487,95.5049936666797,5,95.19540805704916,6,139.7979457936838,10,154.32700404699912,12
7050284520,110,3.2733473009389376,24.64285714989796,23.058507812774184,9.090909090909092,32.520325203252035,49.157622739018095,85.17575118404804,16,90.345321649743,8,142.61086924141716,7,151.99419788686663,13
7050022250,110,0,25.274725307221352,26.143710321101352,9.090909090909092,31.70731707317073,45.77486251904858,79.59475876234107,23,74.25565831504602,18,137.24224904488312,15,145.98194024025156,14
7050262150,110,1.228835095431657,25.274725307221352,19.99205363280273,4.545454545454546,31.70731707317073,47.863247863247864,79.91108038253053,21,79.36780955978548,16,125.94588838465287,24,142.14494633333862,15
7050022270,110,0.00631402132430707,25.274725307221352,17.899651431455776,9.090909090909092,31.70731707317073,45.77486251904858,83.71047418583954,18,82.51572251456018,13,129.00763013466013,23,141.86862471626097,16
7050021750,110,0.10293446528702296,16.428571433265308,55.94271328409145,4.545454545454546,32.520325203252035,45.91214470284239,70.25799375868377,30,38.36266434986997,49,146.29782194874358,4,141.2103875986801,17
7050287970,110,2.036195737420122,16.02787463315082,25.53049792337873,9.090909090909092,33.333333333333336,50.550198525241065,97.85558685532376,3,86.45706085139706,11,133.93866514406164,18,137.93426112736324,18
7050022280,110,0.01671358585845991,19.327730962665065,40.54820689709059,9.090909090909092,27.642276422764223,42.377260981912144,69.02331195819907,31,51.369036763322384,37,139.61986738064235,12,134.84178963670976,19
7050024030,110,0.19910059153890372,18.25396840521542,37.27037296023325,4.545454545454546,29.26829268292683,42.423198392190656,68.25217372974839,33,50.10842115324593,40,125.60918701923481,25,128.61251767806039,20
7050129300,110,0.06818081850197139,20.53571429158163,31.828876694810667,9.090909090909092,26.016260162601625,39.83204134366925,66.0099736338116,41,55.724056521755415,30,129.24243198798985,22,128.59655417889417,21
7050284470,110,1.0238946974053034,17.293233104940924,18.293451200785217,4.545454545454546,30.89430894308943,49.74296205630354,92.15691072382569,8,81.261779324712,14,116.0920262987924,30,127.44677918020476,22
7050262320,110,0.9336837809718,18.25396840521542,16.534929336816674,4.545454545454546,29.26829268292683,47.281079529141536,86.21979757975639,15,78.37347573833432,17,112.2529022992897,34,124.11646828283705,23
7050151610,110,0.04364102974153421,9.956709859987631,57.68742164107965,9.090909090909092,26.82926829268293,40.79242032730405,67.20284030691798,36,30.855172639464936,51,142.68151465453337,6,123.87050517853766,24
7050132960,110,3.2371664996280827,18.25396840521542,9.86273530839442,4.545454545454546,29.26829268292683,46.879127189204695,86.56279725835935,13,90.41578621512953,7,108.50490779065169,36,123.55743354040929,25
7050191700,110,0.11712774851603255,9.663865645618248,56.379577461527624,4.545454545454546,27.642276422764223,42.547499620003045,66.81590007150011,37,28.59458496893326,53,133.69353696992596,19,120.8037532287008,26
7050151690,110,0.03435570426461204,9.956709859987631,59.24766249832041,4.545454545454546,26.82926829268293,40.95528932738237,61.59779710051349,45,22.8704993043448,57,134.75640353997565,17,120.2552254723227,27
7050137410,110,0.02613155884219525,10.267857145790815,48.11923779790328,9.090909090909092,26.016260162601625,38.95348837209303,67.69418468238588,34,37.4464722058859,50,131.11026371385586,21,116.98074520788774,28
7050024600,110,1.7372107773658574,8.01393731657541,20.417727494225133,4.545454545454546,33.333333333333336,50.48969559463037,104.30884909625065,1,83.48261521950326,12,108.29763405373107,37,115.6670737206623,29
7050023220,110,0.05067134760263243,9.12698420260771,42.46050663724515,4.545454545454546,29.26829268292683,42.423198392190656,75.8452187580472,26,43.78145458518601,45,118.82295745838724,27,114.26993435597603,30
7050191640,110,0.13145367925185533,9.663865645618248,24.20711687445737,9.090909090909092,27.642276422764223,44.27420580635356,90.96388611042147,10,69.40875976626428,19,113.45705158240676,32,111.00945474785047,31
7050146370,110,0.04854898749362164,10.952380845986395,52.91118345699047,4.545454545454546,24.390243902439025,34.67355727820844,50.44024780524706,54,19.558217469498253,58,121.6016127863214,26,110.21121433522038,32
7050137520,110,0.01244233613907571,10.59907850302831,37.670206270795966,9.090909090909092,25.203252032520325,37.18262899058096,68.71684074527099,32,45.0093941831353,43,118.77774266880292,28,109.76070872150211,33
7050147190,110,0.04947752004131386,10.267857145790815,32.745710506427855,9.090909090909092,26.016260162601625,38.94056847545219,75.33543618280814,27,52.86410558160679,34,115.75493603514792,31,109.31328120472062,34
7050136230,110,0.02679479637626112,12.169312160619803,46.85933684706086,4.545454545454546,21.951219512195124,34.94305675184228,50.17264664625915,55,23.53172233971749,56,117.43294566785295,29,107.21678410469305,35
7050024580,110,0.15353126499082637,9.387755245539358,20.15617101981647,4.545454545454546,28.45528455284553,43.37541528239202,87.42835332585848,12,66.66617062813619,22,98.23939645384276,41,103.87701154734197,36
7050146310,110,0.01498916826988865,13.142857146612243,45.86510688274687,4.545454545454546,20.32520325203252,31.35503875968992,41.82882305294298,59,18.76511790735496,59,113.03581969273978,33,103.27417450937114,37
7050136320,110,0.02878450897845873,12.169312160619803,41.74941862418302,4.545454545454546,21.951219512195124,32.01837496411139,47.70784873698891,58,25.23455550032726,55,108.54459547255252,35,101.73988918897876,38
7050146980,110,0.25557991022735094,10.59907850302831,18.269789059267868,9.090909090909092,25.203252032520325,37.889472368092015,79.38661655956814,24,65.85078748026247,23,100.65473456814325,40,101.10289534889132,39
7050024590,110,0.05478342031384082,10.267857145790815,19.01253247783523,4.545454545454546,26.016260162601625,41.989664082687334,82.31430238464478,19,63.57710256795704,25,96.28990803967936,45,100.95765587475297,40
7050022850,110,0.01658093835164674,12.169312160619803,38.96603217996526,4.545454545454546,21.951219512195124,32.01837496411139,49.1117455297246,57,27.987007312025895,54,105.74296368995499,38,100.33135393500935,41
7050022840,110,0.28908613985833137,12.637362489324962,36.230173571510875,4.545454545454546,21.13821138211382,32.16855495925264,49.13696434931962,56,30.814840977957306,52,104.21148689917419,39,99.53477060431831,42
7050024290,110,4.200589453684876,12.637362489324962,23.662294178725492,4.545454545454546,21.13821138211382,32.16855495925264,51.50940073188577,53,53.297926445326254,32,97.4916255755852,43,98.64905946320661,43
7050023960,110,0.00638034507771366,11.330049388951444,28.996656262633163,4.545454545454546,23.577235772357724,34.24396328967298,60.474198156445155,46,42.08312332053617,47,97.55499666859616,42,97.64554440549352,44
7050251360,110,0.0128933376622405,11.330049388951444,23.28758659458175,4.545454545454546,23.577235772357724,36.72458344471176,67.57812734821792,35,50.70275951500987,39,95.06293092139092,46,97.28061824568434,45
7050023230,110,0.00497428150549402,11.734693974781342,29.223073078507163,4.545454545454546,22.764227642276424,33.50313768918421,57.8332718242175,48,40.20955801516997,48,97.34260936307503,44,96.94482699524002,46
7050252580,110,0.10784242303911036,11.734693974781342,18.00178233634567,4.545454545454546,22.764227642276424,37.97711332595053,71.01688195346973,29,56.91124577760142,29,92.05964908094833,48,95.95012460557606,47
7050024300,110,0.21772881151070492,11.734693974781342,20.94747099198294,4.545454545454546,22.764227642276424,36.07235142118862,66.1662223788892,39,52.02188411703038,35,92.70690443170919,47,95.66986018919314,48
7050023970,110,0.0949756148782325,12.169312160619803,23.83090850257445,4.545454545454546,21.951219512195124,32.01837496411139,56.60091269189341,52,43.32085237875154,46,90.72504647976459,49,92.87198384446148,49
7050024110,110,0.02427449374681082,12.169312160619803,22.49338681273589,4.545454545454546,21.951219512195124,32.01837496411139,57.340374657944125,50,44.479154947582536,44,89.28182081866068,51,92.10564905408934,50
7050024100,110,0.00884758870443869,11.330049388951444,18.830832745797775,4.545454545454546,23.577235772357724,33.37432059164217,64.06262917485554,43,51.240617865373885,38,86.26847536454972,53,91.69639496852986,51
7050220300,110,0.01138115608457032,11.734693974781342,17.12504332821523,4.545454545454546,22.764227642276424,34.2266519010705,65.11718613529773,42,53.16792836140178,33,86.18961113383091,54,91.62816839870712,52
7050024040,110,0.0508039951094456,12.169312160619803,20.143775155212825,4.545454545454546,21.951219512195124,32.01837496411139,58.488650985343014,47,46.89601580623414,42,86.97187294022405,52,90.9674563380681,53
7050241310,110,0.00615484431613126,11.734693974781342,15.323454693719617,4.545454545454546,22.764227642276424,34.31524547803616,66.17520345539724,38,55.05962807640169,31,84.49475396567956,55,90.80875487521514,54
7050220180,110,0.01118218482435056,12.169312160619803,15.94887890701995,4.545454545454546,21.951219512195124,32.76868599866017,61.91300153803475,44,51.86583824618179,36,83.68783795334178,56,89.56563756464283,55
7050241270,110,0.00871494119762552,13.142857146612243,15.822867258548053,4.545454545454546,20.32520325203252,31.35503875968992,56.856217092114655,51,48.79145309548687,41,82.984199584787,57,88.24439569610864,56
7050163780,110,0.3926290592591063,0,20.541769911094928,9.090909090909092,25.203252032520325,37.889472368092015,89.77256333795398,11,63.04295374336432,26,89.48128675619739,50,82.99638208088803,57
7050024830,110,1.6613635962076183,0,15.836625859329878,4.545454545454546,26.016260162601625,40.73643410852712,91.44019851909147,9,68.50774672203528,21,80.6718773116325,59,81.50929385866147,58
7050163620,110,0.03661071188043599,0,13.94890820576537,9.090909090909092,25.203252032520325,37.889472368092015,93.42501253799743,7,68.7333503355712,20,82.35614843970497,58,79.20861368998571,59
7050142610,111,0.842225182089212,30.80357143737245,8.296551370756223,0,25.203252032520325,34.67700258397932,45.82286075211988,3,62.065110866289785,1,94.06192572974311,7,121.66409157448385,1
7050021700,111,0.0599566730795546,12.169312160619803,68.18951787060904,0,21.13821138211382,31.451813570676617,27.557954233967845,11,-9.191431448103693,28,124.61672808736085,1,109.07793515069099,2
7050021560,111,0.00720275961995534,19.327730962665065,68.95798746761844,0,13.008130081300813,17.972336221310233,-11.90410447208913,38,-33.35322938979387,38,117.09749087119096,2,100.90357392808187,3
7050021630,111,0.00202950685424156,18.25396840521542,68.6854853250505,0,13.821138211382111,19.04105656043641,-7.934969634985613,35,-31.123472528838278,36,116.81615810314884,3,100.67334708036333,4
7050021430,111,0.01445857824263595,23.469387620991252,57.56994139397147,0,10.56910569105691,17.128091546696215,-14.660623024496282,39,-25.02562911540465,33,109.96269592785134,5,99.52933271966627,5
7050021690,111,0.00335598192237329,17.293233104940924,68.97574733225947,0,14.634146341463415,17.29906160750714,-9.200285831553636,36,-32.709752666016556,37,113.61881638254505,4,98.12997386625364,6
7050021550,111,0.00525284126980168,18.25396840521542,64.71930273159987,0,13.821138211382111,16.192937123169685,-10.84151381564913,37,-30.471925167595057,35,109.17237760865379,6,95.84658483956925,7
7050021620,111,0.01366269320175691,17.293233104940924,32.38580305882809,0,14.634146341463415,18.23473412212703,10.689677980411258,28,4.997935855776468,9,78.2540398900296,9,80.78489843845743,8
8050190480,111,0.00517325276571378,18.25396840521542,13.92744664399657,0,13.821138211382111,20.740740740740748,22.356990625597795,16,25.625500059571095,4,64.26039104536066,17,74.99835057400045,9
8050016090,111,0.00872820594830684,0,43.42481458288123,0,3.252032520325203,27.617571059431512,28.91333218996094,10,-7.930157506047983,25,79.14543058849594,8,52.59405658528889,10
8050013490,111,0.00600893205863677,0,36.50468820882396,0,7.317073170731708,25.96382428940568,33.60388373439805,5,1.1187452436033176,13,70.08306103502872,11,51.54153443458504,11
8050261040,111,0.01318516217722948,0,10.62123844145482,0,17.88617886178862,26.28019323671498,57.65032046572992,1,37.95858871612882,2,44.619382999251854,27,49.49518803626293,12
8050129330,111,0.00561098953819725,0,45.87696542984866,0,7.317073170731708,17.28165374677004,14.022467340245726,24,-18.383739681846553,30,68.22931067858569,12,47.54495330577065,13
8050014730,111,0.00372739494145018,0,39.1372612044365,0,5.691056910569106,21.70542635658915,23.35788822881055,14,-8.113758365088156,27,67.20641551735179,14,46.97025801171652,14
8050014810,111,0.00339577617441725,0,34.006226333158466,0,4.065040650406504,25.83979328165375,31.390899940273265,9,0.2138477102551981,16,67.4203289539692,13,46.912633577070245,15
8050018980,111,0.00989550400826277,0,52.00772288003618,0,10.56910569105691,9.892949427833145,1.5283125846623609,33,-29.87175890448632,34,64.81340157834897,16,46.47957324996027,16
8050016580,111,0.0391310145098863,0,31.964591813640663,0,4.065040650406504,25.83979328165375,32.375981961696695,7,2.346066903693142,11,65.43212154488083,15,45.94113418017251,17
8050014820,111,0.02241742865142638,0,30.52623199532976,0,4.065040650406504,25.83979328165375,33.11187545671061,6,3.7420597252930676,10,63.968773545745464,18,45.19888800999068,18
8050016080,111,0.00632728607498839,0,43.68528870955431,0,2.4390243902439024,20.465116279069765,15.70128838962711,21,-17.354256392593193,29,70.15469684127984,10,44.755517251479375,19
8050013480,111,0,0,35.503134263922554,0,7.317073170731708,17.28165374677004,19.214993912746976,17,-8.024131721959137,26,57.847090623382805,21,42.350294049463024,20
7050059780,111,0.12787219656789964,0,33.593067847761155,0,3.252032520325203,21.58139534883721,23.354020347761285,15,-4.838599604352986,21,61.68746549175738,19,41.80643699645118,21
8050261050,111,0.00982918025485618,0,10.396862422882236,0,15.447154471544716,21.04392764857882,46.34317476849481,2,29.626456801022556,3,37.619868348165966,31,41.70307848983493,22
8050201110,111,0.00940470823305402,0,17.191449205692592,0,13.821138211382111,17.594028136663788,35.40142584802473,4,17.17989500693067,5,39.95334437389353,30,40.02387029935863,23
8050018080,111,0.03793718694856773,0,49.90860895800039,0,8.130081300813009,5.525017618040885,-7.383093993942721,34,-35.23650741185921,39,57.10878528440948,23,38.6617601490727,24
7050059430,111,8.661882194900256e-4,0,23.539581572064627,0,3.252032520325203,23.483204134366936,31.770631795878842,8,7.111718124772178,8,53.902999111613084,24,38.50622285885542,25
8050201080,111,0.04788574995955578,0,29.449976459994343,0,11.382113821138212,12.292850990525404,17.699625155046753,19,-3.6048183418728144,20,45.415356720510516,26,38.466039710157006,26
8050016570,111,0.00549160678206539,0,40.99106110327391,0,3.252032520325203,14.635658914728689,7.8608637288623875,29,-20.650172597798296,31,59.92214363771926,20,38.390800901028086,27
8050016860,111,0.00970979749872433,0,42.280074988204845,0,5.691056910569106,11.524547803617578,4.313545850716668,32,-23.119099099135525,32,57.19501737441159,22,38.36904260755205,28
8050018970,111,0.01605034832439404,0,22.18295081777953,0,12.195121951219512,14.883720930232563,26.623040295994713,12,7.417197985394068,7,41.45054618260933,28,38.192469223549715,29
8050030970,111,0.01143421508729558,0,26.233956028759557,0,2.4390243902439024,20.465116279069765,24.421847801012177,13,0.11002175941879955,17,52.710999437959245,25,36.03689893528451,30
8050018740,111,0.02016242103560243,0,28.418318822487905,0,10.56910569105691,9.892949427833145,13.312747696409158,26,-6.256329406101303,24,41.23934740330715,29,34.699040495816625,31
8050018730,111,0.01618299583120721,0,20.269339321547815,0,8.94308943089431,9.440137812230835,14.988328635273183,23,-0.2717337636957904,19,32.498964933513236,33,28.54023090267063,32
8050018140,111,0.07826202901977261,0,19.82290647540177,0,8.94308943089431,9.440137812230835,15.14946602515764,22,0.3320622130910369,15,32.145345330429436,34,28.40268916340988,33
8050190630,111,0.00697725885837294,0,19.190372839148857,0,10.56910569105691,7.3237356958287165,13.532001808841088,25,-0.0592222963949709,18,28.669876827857433,35,27.49765705511075,34
8050014740,111,1.5652405803954518e-4,0,19.100603816354734,0,4.065040650406504,13.50559862187769,17.685633347754024,20,0.7213653298623992,14,36.5626219094225,32,27.121157197826726,35
8050226940,111,0.00713643586654875,0,12.27961553252718,0,10.56910569105691,7.973421926910303,18.101863686421073,18,7.609905775028661,6,22.599355863288487,38,24.692184311557938,36
8050018120,111,0.0147238732562623,0,20.61125406452759,0,8.130081300813009,5.525017618040885,7.288796766485989,31,-5.997995569373874,23,27.776724584236042,36,23.981046228688548,37
8050018090,111,0.00811802741696624,0,20.357401100505975,0,8.130081300813009,5.525017618040885,7.422329094336092,30,-5.760887656433265,22,27.51299533922191,37,23.84500308160541,38
8050227070,111,0.01538711079032817,0,13.913381841420827,0,8.94308943089431,5.719207579672693,11.783242234880209,27,1.7411209690795078,12,21.330917845393024,39,21.64022353666678,39
8050044560,112,0.00149891682698886,0,44.355933946025274,0,0.8130081300813008,72.55813953488374,103.11883223743979,5,41.11203655461747,8,138.17071899464585,1,95.5511832788475,1
8050047730,112,8.675146945581572e-4,0,32.92481305947934,0,0.8130081300813008,72.55813953488374,108.83502408284518,4,52.541556910176546,4,126.73865411015767,2,89.83475144349131,2
8050053140,112,5.703842792966478e-4,0,16.449669257362533,0,0.8130081300813008,72.55813953488374,117.07289311431884,3,69.01594752124072,3,110.2630660737151,4,81.59676947557023,3
8050057550,112,0,0,15.091971475151697,0,0.8130081300813008,72.55813953488374,117.75231238970356,2,70.37219944562729,2,108.9045155202539,5,80.91713340254088,4
8050048550,112,0.1735768235729264,0,13.165672606861415,0,0.8130081300813008,72.55813953488374,118.54188500027578,1,72.73849537832336,1,107.23772823081363,6,80.19353569323621,5
7050059960,112,0.0141932832290096,0,40.51212343684139,0,1.6260162601626016,55.53832902670111,76.64079804649167,10,25.944588343742936,15,112.34047603761972,3,77.43999502060046,6
8050028930,112,0.00144585782426359,0,32.41091890027182,0,0.8130081300813008,54.98708010335917,78.94538242113734,9,32.55734776519001,12,103.50748717451458,7,72.00754309822072,7
8050030130,112,5.159988015032465e-4,0,23.089436214061585,0,0.8130081300813008,54.98708010335917,83.60705362326522,7,41.87647336690068,7,94.18461427284737,8,67.34551846551406,8
8050025170,112,0.01658093835164674,0,20.84033175598731,0,4.878048780487805,50.26208933185677,80.67409137205098,8,42.71885199570539,6,85.85044923890285,11,65.58318718580091,9
8050024240,112,0.00125086598924822,0,17.607178528455243,0,6.504065040650406,50.11771461383863,83.68431600694703,6,47.37072436150677,5,82.40770999454163,15,65.42709522698236,10
8050025160,112,7.547643137669595e-4,0,24.993039973720016,0,5.691056910569106,46.45994832041343,72.9033802416468,13,34.903203217103524,11,85.06359653967866,12,64.6485668609,11
8050024230,112,8.250674923779416e-4,0,22.429991174353475,0,5.691056910569106,46.45994832041343,74.18483433815146,12,37.46643022685306,10,82.50065284932668,14,63.367139485965495,12
8050025660,112,7.507848885625642e-4,0,22.193642506735348,0,5.691056910569106,46.45994832041343,74.30308295456435,11,37.70259059670802,9,82.26419312312711,16,63.24886263544076,13
8050025650,112,5.730372294329112e-4,0,26.20964584872013,0,4.065040650406504,45.40913006029284,68.86639312960857,14,30.834165788105725,13,84.92129700773711,13,62.5797844782946,14
8050026860,112,0.00125086598924822,0,35.427255765547315,0,4.878048780487805,39.926172019195256,55.66301214658519,17,16.034497837168164,22,87.05084327088267,10,62.519574990722425,15
8050026850,112,2.520302629450304e-4,0,26.94278079242893,0,4.878048780487805,39.926172019195256,59.90624846887068,16,24.516440877864056,16,78.56487495648169,17,58.27595902046856,16
8050024130,112,0.08675146945581573,0,22.440558956687212,0,4.878048780487805,39.926172019195256,62.07085994754867,15,29.237928733885376,14,74.19197687245128,19,56.14422515668741,17
8050047650,112,0.00278559764307665,0,52.30551090759799,0,0,28.11369509043928,22.078075585648932,36,-19.499138802633674,48,88.65869551931345,9,54.270294921076,18
8050039140,112,0.0447022097960396,0,35.932023172336464,0,3.252032520325203,27.700258397932817,32.76561746973,32,-0.2497076171880579,33,71.81333214449509,21,48.97999559939363,19
8050047690,112,0,0,38.284436026451175,0,0,28.11369509043928,29.091398623865416,34,-5.485125087605354,35,74.63345594136257,18,47.25591310366487,20
8050043200,112,0.00306415740738431,0,37.04685136020876,0,0,28.11369509043928,29.70712679957924,33,-4.239773138632593,34,73.40045244160464,20,46.641349585065164,21
8050039130,112,0.00469572174118635,0,40.21833046069177,0,1.6260162601626016,22.18776916451335,19.578882163818914,38,-12.694680399997171,38,68.91256764714268,22,43.929431175976866,22
8050038870,112,0.01219030587613068,0,38.59255085256816,0,1.6260162601626016,22.18776916451335,20.384277383745772,37,-11.049902892554751,37,67.29799305661099,23,43.126884576264196,23
8050048860,112,0.00306415740738431,0,27.29302417010846,0,0,28.11369509043928,34.58404039462939,31,5.514054051467706,32,63.64662525150433,24,41.764435990015016,24
8050043890,112,0.01059853579437259,0,27.203680395652725,0,0,28.11369509043928,34.62117790347027,30,5.622496599043949,31,63.56854599030915,25,41.73016222680539,25
8050049710,112,0.00527937077116432,0,22.05592070834874,0,0,28.11369509043928,37.20037691214547,29,10.756772821521661,29,58.412833715298326,26,39.148941454048966,26
8050049390,112,9.04655996465846e-8,0,21.084394423307817,0,0,28.11369509043928,37.6914193349715,28,11.714916744857781,28,57.433414473472695,27,38.6558924269439,27
8050056830,112,0,0,18.669201330742023,0,0,28.11369509043928,38.89901597171999,27,14.130109608103798,27,55.01822124565341,28,37.44829575581029,28
8050057560,112,1.1155655322987924e-4,0,18.418969834532255,0,0,28.11369509043928,39.02402016327164,26,14.380623887204312,26,54.7681565356347,29,37.32333396584448,29
8050049610,112,0,0,18.27119186361631,0,0,28.11369509043928,39.09802070528285,25,14.528119075229512,25,54.6202117785277,30,37.249291022247434,30
8050056840,112,0,0,18.22044830890287,0,0,28.11369509043928,39.12339248263957,24,14.57886262994295,24,54.569468223814255,31,37.223919244890716,31
8050056990,112,0,0,18.169816574009808,0,0,28.11369509043928,39.148708350086096,23,14.629494364836013,23,54.518836488921195,32,37.198603377444186,32
8050049370,112,0,0,16.498936616329498,0,0,28.11369509043928,39.98414832892625,22,16.300374322516323,21,52.84795653124088,33,36.36316339860403,33
8050057000,112,0,0,15.378128597420728,0,0,28.11369509043928,40.54455233838064,21,17.421182341425094,20,51.727148512332114,34,35.80275938914964,34
8050057510,112,0,0,15.117659998557668,0,0,28.11369509043928,40.67478663781217,20,17.68165094028815,19,51.46667991346906,36,35.672525089718114,35
8050051550,112,2.6131558842195255e-5,0,15.070179470367105,0,0,28.11369509043928,40.69850077034861,19,17.729197708941825,18,51.41923845410089,37,35.64882088953888,36
8050057520,112,0,0,13.891301160704788,0,0,28.11369509043928,41.28796605673861,18,18.908009778141032,17,50.24032107561618,39,35.05934567079167,37
8050041980,112,0.01057200629300995,0,34.48611691289449,0,2.4390243902439024,13.126614987080108,7.706236989674819,40,-16.705909564407406,41,51.473707962660974,35,32.823288159198256,38
8050022890,112,0.00458960373573581,0,18.28111623084092,0,2.4390243902439024,20.465116279069765,28.40511231132306,35,8.045511263446278,30,44.7479263850363,41,32.0510328532382,39
8050041990,112,0.01379534070857008,0,26.185913692502144,0,2.4390243902439024,13.126614987080108,11.85311526545543,39,-8.397535566077945,36,43.17832389142763,42,28.67763504220003,40
8050035020,112,0.01737682339252578,0,41.3748557393412,0,0.8130081300813008,7.028423772609823,-7.833392403709068,51,-32.317971647809244,51,50.48809049337066,38,28.552841361206614,41
8050042910,112,0.11646451098196668,0,40.45396738896191,0,0.8130081300813008,7.028423772609823,-7.472035916108863,50,-31.145907531214863,50,49.715346357879184,40,28.229147162101942,42
8050042920,112,0.00238765512263713,0,33.9736736939345,0,0.8130081300813008,7.028423772609823,-4.11781221273583,49,-24.954785401040173,49,43.064498412780125,43,24.831563929805,43
8050035010,112,6.526257335208156e-4,0,27.761824424644804,0,0.8130081300813008,7.028423772609823,-1.0101525487018659,48,-18.747334229504283,47,36.850055132338184,45,21.723244797586936,44
8050033310,112,0.0039661604537139,0,27.67352586270558,0,0.8130081300813008,7.028423772609823,-0.9693168024524486,47,-18.650636242344106,46,36.76671057640685,46,21.68366849439859,45
8050032840,112,0.00177747659129653,0,26.894451191775648,0,0.8130081300813008,7.028423772609823,-0.5775907831250642,46,-17.877109630507277,45,35.984363643702295,47,21.29111057713255,46
8050034090,112,1.3530045694943736e-4,0,26.820875833464942,0,0.8130081300813008,7.028423772609823,-0.5391609278353648,45,-17.80769699774643,44,35.90833309746614,48,21.25205654629857,47
8050034170,112,0,0,26.43347779639604,0,0.8130081300813008,7.028423772609823,-0.3453266088439637,44,-17.42064193160328,43,35.52073277512389,49,21.058170800889144,48
8050033320,112,0.00756090788835091,0,26.387615821964324,0,0.8130081300813008,7.028423772609823,-0.3299565295164566,43,-17.35561393484993,42,35.48617497773181,50,21.045674550804268,49
8050042230,112,0.00335598192237329,0,37.46366443801643,0,1.6260162601626016,0,-17.109171940767986,53,-35.82914115391107,53,37.46868190607086,44,20.36248003793246,50
8050034100,112,0,0,24.1581440869073,0,0.8130081300813008,7.028423772609823,0.792340245900407,42,-15.14530822211454,40,33.245399065635155,52,19.920503946144773,51
8050034180,112,0.11314832331163734,0,23.40580923756223,0,0.8130081300813008,7.028423772609823,1.0553593472613034,41,-14.10615552995625,39,32.66223023409371,53,19.700491447309567,52
8050042220,112,0.00692419985564767,0,34.00833497291713,0,1.6260162601626016,0,-15.385075426151612,52,-32.364766671259986,52,34.018687219258695,51,18.639739769046383,53
7050024840,113,0.8096019869110869,0,16.56721097388707,4.545454545454546,24.390243902439025,39.23514211886303,87.72494071663155,1,62.24052138852159,1,78.1879446130892,2,77.57177006278557,1
7050024900,113,0.44892147761045387,0,20.05873461180347,4.545454545454546,24.390243902439025,34.82515073212746,78.77380189527344,3,52.689724647930696,3,75.43841428014869,4,74.40976875140325,2
7050024890,113,0.44534450494172984,0,14.08280872375813,4.545454545454546,23.577235772357724,34.94252873563219,81.15371473849888,2,57.980516200195424,2,69.60890198384595,8,70.72123913481323,3
7050025100,113,0.36092776425333273,0,23.3971125893337,4.545454545454546,22.764227642276424,30.56478405315616,68.25723837072076,5,42.531848786571516,6,73.1368815657487,6,70.07113551336967,4
7050025560,113,0.7934638259371825,0,22.385265502971105,4.545454545454546,21.951219512195124,30.165566082878737,66.83269436108263,6,43.36136206567348,5,72.25555073734355,7,68.94992477848835,5
7050025570,113,0.03846777697582043,0,28.22723131382914,4.545454545454546,21.13821138211382,27.223216060425347,58.805619336011226,8,31.359819237993054,12,73.16448503600114,5,67.0735866583817,6
7050025090,113,0.44368083991127905,0,16.451949347980747,4.545454545454546,22.764227642276424,30.56478405315616,71.64706691573929,4,49.68678145226671,4,66.31544095554335,10,66.71276062606728,7
7050031720,113,0.1659389801306238,0,20.47034212387761,9.090909090909092,15.447154471544716,27.700258397932817,62.79761590211709,7,40.89623467980779,7,75.89700550558575,3,62.70250383200796,8
7050025870,113,0.1933373226628849,0,50.49198013266574,4.545454545454546,13.821138211382111,14.202766377868986,17.862602995764206,37,-13.019951090994336,40,78.82625571817593,1,58.08217220290358,9
7050031710,113,0.924790296230004,0,16.73310302457858,4.545454545454546,15.447154471544716,24.19692642458861,52.78321195270297,12,35.87894390041629,11,59.08270304336077,12,53.83238125410409,10
7050156430,113,0.8426837445202653,0,26.06268363549144,0,13.821138211382111,25.472293999425773,43.6489760890948,13,19.61223621443102,16,60.25643997595195,11,53.48775385696393,11
7050025860,113,0.12256629629537268,0,39.68312082096987,4.545454545454546,13.821138211382111,13.959568323453404,22.920557859319672,33,-2.6742191654358436,37,67.59715003261951,9,52.33687407163512,12
7050031670,113,0.8629517529712909,0,10.915170297491706,4.545454545454546,14.634146341463415,23.474016652311217,53.70073943337199,11,39.883720246465685,8,52.237645404646784,19,49.30215420225667,13
7050030950,113,0.08064968414240974,0,11.15385256729559,4.545454545454546,13.821138211382111,25.14667882656939,56.4204162566678,9,38.80042427075732,10,53.46935588070429,17,49.20150172978431,14
7050031660,113,0.0691093510496636,0,9.343812059210544,4.545454545454546,14.634146341463415,23.474016652311217,55.280260954434205,10,39.442780303131556,9,49.47942770644345,23,47.420900727522906,15
7050028080,113,0.05584460036834621,0,31.211420274465393,0,9.75609756097561,19.97217253031206,28.360053285018388,24,1.987104806916527,31,57.11751943732055,13,45.411050830838676,16
7050112130,113,0.00592934355454887,0,29.06214437573351,0,13.821138211382111,16.79012345679013,28.090324393779056,27,4.362501398355979,30,50.779451679542525,20,45.150516886736455,17
7050029010,113,0.06539522085889472,0,32.76071875572116,0,10.56910569105691,16.773717238833513,22.90139127076987,34,-2.4565070052432993,36,54.545720340570114,15,43.81343363065581,18
7050026050,113,0.04549809483691864,0,41.02054608686869,0,12.195121951219512,10.49095607235142,9.638292315392128,42,-16.47064300463708,42,54.65263388477951,14,43.25914255535487,19
7050026040,113,0.00395289570303258,0,39.87104611379382,0,12.195121951219512,10.49095607235142,10.254587501063451,41,-15.426455280529499,41,53.44102043365528,18,42.62705643426615,20
7050121880,113,0.00354168843191174,0,23.65965150941311,0,13.821138211382111,16.79012345679013,30.79395848206189,22,9.758941836574811,23,45.37338907310435,29,42.445975273429625,21
7050112210,113,0.00894044195920792,0,22.803393607899466,0,13.821138211382111,16.79012345679013,31.216688679291416,19,10.628884950518112,22,44.52520275063479,31,42.02529709111545,22
7050029460,113,0.07839467652658579,0,24.429836967387377,0,8.94308943089431,20.017226528854437,30.992584194877306,21,8.065404803171939,26,50.42790197694503,22,41.28342619158998,23
7050029000,113,0.00913941321942768,0,27.68436513742681,0,12.195121951219512,14.806201550387597,23.74624696657817,32,1.807825972367013,32,46.84140101083332,26,40.856119287659546,24
7050026200,113,0.00277233289239533,0,35.46895954632694,0,12.195121951219512,10.49095607235142,12.456811347607527,40,-11.02736130251284,39,49.03716882801906,25,40.42438386701576,25
7050028410,113,0.00314374591147222,0,24.77253438571744,0,12.195121951219512,14.961240310077525,25.474152219136542,30,4.885336957592916,29,44.12106039899295,32,39.54696810801548,26
7050028670,113,0.04682456990505038,0,20.4434270563465,0,12.195121951219512,16.640826873385013,30.476628994948747,23,11.284687753814062,20,42.02884614959851,34,39.12228449676438,27
7050156440,113,1.3773492337722888,0,28.332098674850787,0,11.382113821138212,11.54866494401378,15.652328358706336,38,0.014877731695271734,34,45.322955877159586,30,38.99769469217263,28
7050028680,113,0.01008121051780121,0,21.301502014093114,0,13.008130081300813,14.932360541115663,27.966191129457783,28,9.153270061604815,24,40.623060606335905,36,38.60515461230435,29
7050028420,113,0.2535043746882452,0,20.21090196815024,0,13.008130081300813,14.932360541115663,28.268067988258778,25,10.860919523700677,21,39.89639814354622,38,38.39580058513374,30
7050030610,113,0.02865186147164556,0,21.000930725739114,0,12.195121951219512,14.806201550387597,27.068451724169798,29,8.540722171484749,25,40.187139308663696,37,37.54133102623618,31
7050059690,113,0.00769355539516408,0,23.48987055563053,0,5.691056910569106,19.948320413436697,28.163016352941636,26,5.4937291056086615,28,49.29314085883728,24,37.394930404515755,32
7050143720,113,0.08675146945581573,0,26.467636627877113,0,11.382113821138212,11.54866494401378,17.875157146509647,36,-1.3921754843658363,35,41.52894438583079,35,36.28432195775129,33
7050026210,113,0.03541688431911743,0,29.287836634333104,0,10.56910569105691,10.54263565891473,13.977376728480365,39,-6.3292116577024125,38,42.97167024750526,33,35.804538172646474,34
7050027430,113,0.11434215087295588,0,40.88258329202504,0,4.878048780487805,10.217792543373942,1.8527000218728027,44,-23.793932487403634,45,54.264417468290226,16,35.69493548578491,35
7050143810,113,0.00542528302865881,0,24.77748769229234,0,11.382113821138212,11.54866494401378,18.801557800729192,35,0.09182102515940116,33,39.717206135456564,39,35.32700999285355,36
7050030660,113,0.00156524058039545,0,14.96403572195483,0,9.75609756097561,17.523355197773807,32.33668048547791,17,15.239943939290136,19,37.62283513052746,40,34.76363079337851,37
7050121890,113,0.19159367118582576,0,19.395483653772903,0,12.195121951219512,12.583979328165372,23.895649782433363,31,7.966615191761749,27,35.952127391596676,42,34.741259711301545,38
7050030620,113,0.05969137806592825,0,7.675310268514569,0,8.130081300813009,22.287996241484613,42.47141749677183,14,26.6087440165697,13,36.58135699277248,41,34.338112180220556,39
7050030670,113,0.14175442139343236,0,9.667559029122575,0,8.94308943089431,20.017226528854437,38.31036341914286,15,22.988292327262002,14,35.760352050677874,43,33.989729404287395,40
7050030870,113,0.00549160678206539,0,12.819795214395567,0,12.195121951219512,14.806201550387597,31.18217973453115,20,16.66314913024308,18,31.971377318177694,45,33.41880002314213,41
7050026740,113,0.2024571040513042,0,39.25562421491062,0,4.878048780487805,8.445921004060553,-0.4618692144137171,46,-24.010795712439176,46,50.478292852228584,21,33.23119101750434,42
7050030940,113,0.01896859347428386,0,12.25380424356084,0,12.195121951219512,14.806201550387597,31.451698233256295,18,17.263302695251106,17,31.425535547118873,46,33.154403998996834,43
7050030880,113,0.02109095358329464,0,9.075254866993856,0,8.94308943089431,19.397071490094746,37.66320213043446,16,22.55121441724151,15,34.185829497954714,44,32.90689577911451,44
7050028070,113,0.01224336487885595,0,35.39252267152225,0,5.691056910569106,8.320413436692506,2.2575747808328934,43,-19.963281245157738,44,46.168533767152866,28,31.72462863455238,45
7050026750,113,0.5345986349085897,0,35.09592795783321,0,4.878048780487805,8.445921004060553,1.285837383267701,45,-19.009159295746787,43,46.81517540849847,27,31.60972825960578,46
7050033120,114,0.4158234043579375,13.690476303911565,13.434793268023656,9.090909090909092,19.51219512195122,41.99827734711454,79.60159971063712,3,70.45214727786072,2,105.35305590430156,1,102.99185868024915,1
7050034110,114,2.8124713647194666,0,12.040882620714624,9.090909090909092,20.32520325203252,36.266666666666666,83.94092876607586,1,70.90653780225699,1,82.50008903210478,3,75.5846853255739,2
7050034010,114,1.181809431906278,0,15.036591165509506,9.090909090909092,18.69918699186992,33.65015166835186,77.95866310897927,4,59.09867377810346,3,79.67485543981974,5,70.58954730099609,3
7050034000,114,1.073875084144946,0,20.447457894834493,9.090909090909092,17.073170731707318,30.200566014519502,67.81682256558143,6,47.7636731714087,8,80.46428113185534,4,68.07041958393873,4
7050034100,114,1.309000350879185,0,14.007425894132734,9.090909090909092,18.69918699186992,30.68419278732726,73.25746995029832,5,56.98996787823944,5,75.00107589889211,6,67.28454076295613,5
7050032950,114,0.11434215087295588,0,11.55756807826843,9.090909090909092,9.75609756097561,40.31007751937983,83.24873854112897,2,58.698615493999164,4,83.21069449164683,2,65.0936707263094,6
7050033700,114,2.175609195613315,0,12.94280778082024,9.090909090909092,16.260162601626018,26.894056847545233,63.98155109938665,8,53.39048899115971,6,70.33173126124075,8,61.71907000814684,7
7050033690,114,0.8202502655205145,0,17.135005109585116,9.090909090909092,15.447154471544716,25.894192846457234,60.71237391266714,11,43.78309824313454,11,71.20480243857045,7,60.131778560915166,8
7050032940,114,0.04151866963252343,0,13.339859005461696,9.090909090909092,13.821138211382111,27.04362365101079,63.73469780127866,10,45.31923664701735,10,67.73152152553837,9,56.68289997747139,9
7050033110,114,0.2192537272490292,0,12.523013886404849,9.090909090909092,13.821138211382111,27.04362365101079,63.96538530319057,9,46.58661947026487,9,67.18040488606556,10,56.51976788207435,10
7050033480,114,0.4308316738688073,0,8.044563412915872,9.090909090909092,15.447154471544716,25.894192846457234,65.64701335265346,7,51.88640909119829,7,61.53214802782521,11,55.04912481459968,11
7050061630,115,3.6520741055989823,25.274725307221352,16.606380959545042,13.636363636363637,11.382113821138212,80.11812476928755,124.42123479170274,7,119.38341600533805,1,187.25052734985013,1,164.81698187330494,1
7050060320,115,1.617207761492142,0,24.983015657942858,9.090909090909092,10.56910569105691,79.34804213873981,142.8221351237281,5,95.44005767143045,6,149.35637733761058,2,113.73145781417998,2
7050061510,115,1.4717658720568103,0,20.24381256688157,9.090909090909092,10.56910569105691,79.34804213873981,145.33717855869406,4,99.81058248462078,5,144.39972670037713,3,111.16113329906663,3
7050063060,115,1.169813189332615,0,10.110494238008082,13.636363636363637,10.56910569105691,79.34804213873981,155.81942676949137,1,115.76939496447459,3,143.49701211084064,4,110.22320665189041,4
7050060310,115,2.4207326355260905,0,26.365154884550083,4.545454545454546,9.75609756097561,77.14039621016364,131.6133204772603,6,86.11525642971182,7,139.40347427389136,5,107.9653558667216,5
7050059990,115,3.228984536112833,0,8.519554459666113,9.090909090909092,10.56910569105691,79.34804213873981,149.44208894824578,2,115.98918557746663,2,135.30265453024214,6,107.7241250261697,6
7050063050,115,1.7378872796506042,0,8.772827489644468,9.090909090909092,9.75609756097561,77.14039621016364,146.20596589422493,3,108.56755933900494,4,130.47228485125066,8,102.77225832765535,7
7050061520,115,3.521686381711878,0,32.382836298410034,4.545454545454546,7.317073170731708,64.77174849267873,103.84407470655299,9,66.01925135057907,9,131.07538483255013,7,97.68594026948232,8
7050061620,115,1.751594940357171,0,12.384104390704726,4.545454545454546,7.317073170731708,64.77174849267873,115.61353210176034,8,81.5310072790364,8,108.43022113055713,9,85.24368793728945,9
7050494360,116,92.69530435254144,47.69585244219881,14.04947905955236,100,100,91.60815949244764,217.48321616288467,1,576.7731793950837,1,545.5109570566477,1,514.0032038880881,1
7050439770,116,100,46.54761917044218,12.57689495085424,81.81818181818181,97.5609756097561,90.82515073212744,187.94092043874224,3,566.950460506641,2,513.7401404484565,2,499.83910722172544,2
7050431350,116,70.76881752122877,48.79773677108507,14.010668182915763,40.90909090909091,82.11382113821138,85.43403177527054,143.26086375726953,7,410.5515733929285,3,380.260013231239,3,402.59216792485756,3
7050434140,116,29.248703357356153,44.23076936978022,10.928868248731137,54.54545454545455,84.55284552845528,85.91134963227987,209.9443919305593,2,330.772753721321,4,338.88382038299846,4,351.92968524978414,4
7050426320,116,22.00254677907181,56.4213565304061,10.023096218866527,31.818181818181817,80.48780487804878,84.6292381176102,172.4008953388731,5,275.8108607929,6,292.77653065202963,5,335.751432298175,5
7050335180,116,6.360115934982135,78.46481873670425,21.815759081634855,27.272727272727273,54.47154471544715,69.77206988314244,101.2794011648198,9,176.26287761780688,9,280.68046885276885,6,315.05392466247014,6
7050434190,116,28.246536321566847,42.7142857264898,5.917297153243865,27.272727272727273,81.30081300813008,84.46925064599485,178.71247045032754,4,288.6376383920799,5,270.46406178375935,8,313.2937397067653,7
7050426310,116,5.369445723903341,68.11846686231956,14.157275952797583,22.727272727272727,66.66666666666667,77.36308060755026,137.58539916991236,8,195.00832300502415,7,258.34859782324025,11,306.12983491381755,8
7050392520,116,2.8817188018237228,60.84656080309902,20.30812839967981,31.818181818181817,65.85365853658537,76.80224582894694,153.44885784807633,6,193.6598827196737,8,270.0537368351627,9,300.15721125811746,9
7050337870,116,1.7904638433935942,73.01587296371882,37.05574503175737,22.727272727272727,51.21951219512195,67.19986875025634,91.4442023341396,11,136.1414332230516,11,269.06314674474606,10,296.00796209215775,10
7050343590,116,1.9464321083795924,69.1729324197637,49.04538158263852,22.727272727272727,46.34146341463415,62.95117639058886,77.35327881619453,13,114.39205650930239,13,270.84346821796714,7,286.04589855064773,11
7050343600,116,1.7308553700194245,69.1729324197637,34.65086944865927,22.727272727272727,46.34146341463415,62.91491001405323,84.70389075384945,12,128.1977959059763,12,256.0797613293436,12,278.51486069897834,12
7050337970,116,0.7904000664723186,71.19047632034014,11.869896274709884,22.727272727272727,48.78048780487805,65.02670111972438,100.87767986985544,10,153.6657335792766,10,237.22147896432745,13,274.07610666433663,13
7050402430,117,62.80040853309738,41.470180240420056,12.469419152371186,59.09090909090909,83.73983739837398,85.86237174180276,182.87565804145243,6,419.7725850716091,2,396.6503392833143,1,397.6267386519391,1
7050374950,117,69.58786353309394,34.42176879554908,11.447360024451136,59.09090909090909,85.36585365853658,85.5302079488126,185.4086204414209,4,438.65117760016847,1,396.2691178430607,2,394.85477605553797,2
7050402320,117,50.778993840008965,34.75274733850079,12.780322534651868,59.09090909090909,84.55284552845528,85.11230371695487,201.65694166995036,1,388.36693597386596,4,369.36721807317133,3,368.9391966075002,3
7050398580,117,78.505315026421,15.64625863304179,16.29469605142808,31.818181818181817,68.29268292682927,77.86883228743692,133.82123712538134,12,389.28702146683554,3,322.27029000320726,4,323.15629184192903,4
7050400760,117,42.119069124366746,27.058823479159663,18.5303988285939,40.90909090909091,69.10569105691057,79.55981152150783,170.47724108031676,9,311.7350987756134,6,306.3539849441606,5,306.57576301902213,5
7050034520,117,40.17180929554465,24.468085078419456,12.392320258925515,36.36363636363637,76.42276422764228,82.0891747759635,184.8863233073584,5,316.3982931147384,5,287.5562763816006,6,301.37062375951365,6
7050034340,117,18.617794010413252,15.64625863304179,15.712273115939436,27.272727272727273,51.21951219512195,71.93142200894138,161.62656945767208,10,207.47048381111776,7,214.79241491215308,7,212.6588461312768,7
7050400520,117,5.532931388395455,18.003914048001118,16.1671892190978,22.727272727272727,59.34959349593496,72.54398074404443,175.95794215194863,7,176.2972578089021,10,189.83071064575026,10,203.34756336522815,8
7050374800,117,3.649209980631872,14.081632704023326,13.347415352698782,36.36363636363637,56.91056910569106,72.45182724252491,196.3098403512732,2,191.24135062937253,9,208.07019121747703,8,203.25230703076357,9
7050398520,117,8.791775276234455,9.25553317407301,13.856687518935017,31.818181818181817,57.72357723577236,71.60024747971029,190.45969662887288,3,196.59429786983935,8,199.2695086387315,9,197.17227329590764,10
7050400540,117,5.994023937993552,14.495798304141656,16.239592039310974,22.727272727272727,55.28455284552845,70.57607539139686,171.87827314662482,8,170.74039777935704,11,183.53009429399327,11,191.55562268814958,11
7050400660,117,5.930693242930697,14.71215338991776,18.07762102011992,13.636363636363637,54.47154471544715,71.38262177484668,161.12807940563877,11,155.7060069098714,12,167.23078976507273,12,183.68651524113164,12
7050354130,117,2.2683729133154382,24.33862432123961,20.033275412215964,0,43.08943089430894,62.41362809838262,111.11266413850609,13,103.65033519460505,14,135.4662848856975,13,163.27106785739738,13
7050354140,117,6.373628073263659,13.981762761137643,18.058526912033955,4.545454545454546,38.21138211382114,56.60564077189509,109.6583715966828,14,110.10523146951532,13,128.46357783656188,14,142.82115615596462,14
7050034330,117,4.0314617601379705,0,14.737216740998004,9.090909090909092,29.26829268292683,45.54694229112833,106.2386830175948,15,91.07028025072321,15,99.01765391210853,15,96.838534502622,15
7050038330,118,58.289663740162005,22.40259734925789,15.519860488103175,18.181818181818183,35.77235772357724,74.85083392060137,93.9532322337451,9,283.5665093323508,1,267.0245423174837,1,258.0813795878028,1
7050039620,118,35.86282175841462,54.761904887074834,16.139672596517315,4.545454545454546,4.878048780487805,71.80017226528855,29.005805574043137,12,174.56772805366688,4,242.79882009819107,2,239.1842770466371,2
7050034530,118,14.05484260763138,9.808102259945173,11.386497767027244,27.272727272727273,54.47154471544715,75.12823479501716,183.51106536367996,1,206.72484233604465,2,200.2590683455697,3,199.9442312065937,3
7050038320,118,12.502682663177788,18.25396840521542,10.644490067008167,22.727272727272727,43.90243902439025,72.0145468465882,155.11899622490213,2,183.44347651756107,3,194.3658800483304,4,194.68694591432995,4
7050038980,118,3.684990717062178,54.761904887074834,15.224687731694509,4.545454545454546,4.878048780487805,71.80017226528855,61.641129047806984,11,93.91565283692186,10,193.77534029941182,5,194.31846575625065,5
7050035480,118,12.40644702963234,27.3809522792517,11.349822416943876,9.090909090909092,29.26829268292683,74.46454206144129,119.05119327394539,5,151.70623415275185,6,180.80330849676352,7,185.81908721199054,6
7050035860,118,4.488751305715734,32.05574926630164,10.717558793924402,13.636363636363637,33.333333333333336,68.48931745131405,121.06995144510401,4,136.34248055635754,7,176.31051747226127,8,185.78155049658488,7
7050038340,118,8.374208883636992,22.40259734925789,6.911820940945403,18.181818181818183,35.77235772357724,75.4146112285647,149.13995853437888,3,166.30241513349924,5,184.51773052524968,6,185.45329218444914,8
7050035470,118,6.63492124425696,25.93984949312567,12.836007503541603,9.090909090909092,30.89430894308943,63.4951720386237,108.47111739213729,7,124.29822830924192,8,157.62200392145496,9,166.61157632422615,9
7050035370,118,7.911972912530165,13.142857146612243,12.135741547847504,9.090909090909092,20.32520325203252,56.27700258397933,98.66784085276649,8,108.17895233261044,9,133.01747716523653,10,126.77546243790695,10
7050035360,118,2.220273468222406,16.428571433265308,11.754656793852837,9.090909090909092,16.260162601626018,49.75710594315244,85.6848131558919,10,82.73446361331827,11,119.92867158827482,11,114.16873197613958,11
7050038810,118,1.6576225385729668,0,12.81161733930321,0,3.252032520325203,66.64599483204134,109.53064545767516,6,72.3959562068792,12,101.4584578799302,12,78.5915051363383,12
7050035870,119,13.140144531662246,29.87012990853432,15.810293709507064,22.727272727272727,35.77235772357724,79.17312661498708,143.27248152070445,1,181.08317314245946,1,224.7004869102189,1,218.47439735994868,1
7050063860,119,19.790780526051364,25.274725307221352,18.943905020847897,9.090909090909092,21.13821138211382,78.69608427747961,109.31648577849903,2,159.4617773557361,2,202.19609479669822,2,192.0472218043119,2
7050329370,120,10.361691150655044,86.4661655247046,3.040101321991882,13.636363636363637,30.89430894308943,82.52413980688154,80.82427858493067,6,177.37629401468098,2,265.6336403404493,2,301.39623800679936,1
7050334780,120,3.9480255498199366,82.14285716632654,3.809597375844388,27.272727272727273,29.26829268292683,80.36749928222797,101.62366058487818,1,175.61925614171867,3,277.5040430245897,1,294.8571886102012,2
7050298200,120,1.5078401574196942,82.14285716632654,6.138313624152278,22.727272727272727,29.26829268292683,75.9115704852139,90.14098087870732,4,155.31546097873814,4,260.7412334769669,4,283.65248671911695,3
7050305280,120,11.904969946584972,74.19354853548387,0.8409722727997232,22.727272727272727,25.203252032520325,78.8997249312328,92.19838558600492,3,185.72701452775652,1,264.6141798352603,3,279.70217737494596,4
7050298300,120,3.326938220166528,77.31092450780312,5.678165157215071,18.181818181818183,27.642276422764223,74.4672442620459,84.64945379363091,5,150.0821778453967,5,245.2283827121543,5,269.45859220041996,5
7050305410,120,2.060839256530887,69.69696967705627,3.4685497171975643,18.181818181818183,26.82926829268293,75.55868765171091,96.45525131991072,2,148.90822588870657,6,232.73115375458377,6,252.9259714013835,6
7050332670,142,18.047508420861675,95.39170521296909,22.045540224953697,18.181818181818183,25.203252032520325,61.92214720346754,17.89415842155495,1,155.46149730905609,1,290.67014730284126,1,316.12197530019597,1
