HYBAS_ID,area_m2,overlap_area_m2,perc_overlap
7060329370,15552454903.051254,1860390113.8029926,11.962035096067055
7060334780,8652472569.741781,922577470.9951253,10.662587642536243
7060305410,1396587294.0994766,69815766.77617897,4.999026345946844
7060305280,990029647.6769056,27549675.60272279,2.7827121811319304
7060298200,15879957375.57525,1622056007.1357596,10.214485900513953
7060295790,3392909937.127746,941414751.6694527,27.746529354280575
7060295800,1076177058.6875787,215484636.06663558,20.023158301611055
7060289980,7261764605.175557,1072989041.9129142,14.775871985001833
7060289830,7079346077.417421,1734541853.6308727,24.501441724454327
7060327530,65941882.66351605,123756.18566199159,0.1876746320596981
7060348000,1572747283.0809999,981958310.73626,62.43586120286352
7060223480,2814023044.963072,253461766.61797002,9.007096337453632
7060223370,4440126913.288244,372889013.2563742,8.39816114580883
7060301180,2992975276.6139226,44202952.12059195,1.4768899852256914
7060301390,4323143617.672792,458399684.95354915,10.60338784674269
7060234190,1638441636.5111523,20926405.658611774,1.277213981400755
7060234330,3516124817.2799993,933606321.1450486,26.552138210703994
7060290130,8817292983.627945,2630014794.2305293,29.82791656253197
7060290340,2705790043.7074833,238933790.30283752,8.830463060446833
7060245930,1822048982.1759024,1322134489.060435,72.56305961004044
7060246020,818047143.3784935,85881917.55022678,10.498406876104815
7060256650,4452331207.478846,866718296.2682979,19.46661773078381
7060256810,1461561822.8815105,108169109.87756135,7.400926063072918
7060016090,1044637552.0637504,712602728.4852237,68.21530846535528
7060016100,698675097.0956411,20150111.52084926,2.884046047241745
7060016260,19144610104.388687,6714549194.803594,35.07279154911783
7060274850,16073854250.34221,3583903552.8141475,22.296479095782807
7060274860,706280500.785156,15392564.203043265,2.1793839962920822
7060269780,995753905.4979017,64719437.203727454,6.499541387323621
7060269970,7248292271.012132,129743329.09839518,1.7899847887932667
7060261880,5050420060.125253,659403819.6592537,13.0564153438536
7060261890,3576785783.8567348,592168937.2585473,16.555896076617433
7060263330,2000170364.8620512,99213368.10696045,4.960245879545518
7060263190,20712039141.94157,7129050121.689071,34.419837046623044
7060234050,25677598253.990406,5264226867.771748,20.50124320701865
7060234040,19782943224.487793,5589517342.581541,28.254225264432364
7060257410,11997930777.215378,684443023.6046841,5.704675550424686
7060257320,3332804244.712159,374794736.4657612,11.245627073969677
7060192750,2706307487.0187006,78862815.84548296,2.914037529872821
7060192890,12326295638.200882,1724717113.9456408,13.992177086849239
7060177760,312355557.84566885,220489.25504174395,0.07058918898785373
7060178710,708916002.9521474,4878616.819766697,0.6881798124813961
7060178720,3597473601.1409774,202124561.00949323,5.618514085701345
7060174580,4451573823.5062475,31111981.65748748,0.6988984770555231
7060173970,936306246.364054,1488670.4486498595,0.15899396745784772
7060176450,3144483878.59629,14829394.081883958,0.47160025792543914
7060176340,15573866889.137693,1083415649.6914458,6.9566258489540305
7060171990,298015083.35022444,2656671.1814336525,0.891455275205503
7060171730,5537321765.437938,1245162334.381278,22.486725300183096
7060174770,14368719199.650576,4114182917.0478587,28.63291334378578
7060174890,3613321695.1247153,577535587.6197106,15.983508703333891
7060174100,6515058036.649688,429326961.7819255,6.589764194989477
7060174230,5366329896.640583,145204752.7588697,2.7058484207199123
7060190090,4724980970.002804,910225690.0297914,19.26411335428619
7060190200,7202537015.703382,5215535477.64371,72.41247724617732
7060016270,18544325847.847897,3643208931.0021553,19.64594971472072
7060016850,5768175289.995562,644590209.1697458,11.174941411502108
7060016860,5399092231.184344,239591679.1302228,4.4376289359603325
7060017140,5861551785.647498,716327984.6058725,12.220790855415826
7060017150,19005142043.086155,2744697151.219457,14.441866022348123
7060017930,5379101701.42736,1889526345.071371,35.12717271305691
7060017940,1051562382.6134439,389641747.6917127,37.053602728098504
7060018020,7798834244.927813,4565699257.615057,58.543355509632555
7060018030,11526301789.125757,4591022513.81345,39.83083731283829
7060018590,3188009023.365662,3172628687.3582525,99.5175566977796
7060018600,157043421.30524662,15527042.994652854,9.887101838206142
7060018610,1310227179.4540071,113073510.80165441,8.630069088383129
7060018620,2274996978.15828,378796023.5692217,16.650396778806947
7060018780,2019526231.5492804,285191110.069748,14.12168386894205
7060018790,2618538923.490894,1140142576.6037204,43.541173529081796
7060018950,1375853047.2997653,539573499.7054006,39.21737868476302
7060018960,491315484.3106533,138441576.97719547,28.177735365177377
7060019010,3772353173.574324,731931858.0484092,19.402527397902674
7060163080,2443029933.548235,60036876.46006928,2.4574760888366294
7060162660,3085910573.4948897,378405411.9437615,12.26235831958039
7060162570,4372155024.280905,626035922.7230773,14.318703688372588
7060148380,12172390479.639633,2132524514.500241,17.519356761247895
7060148370,2990791030.819144,752101611.6092925,25.147247128238856
7060140470,12625816372.457361,938526933.4954218,7.433396034040026
7060140620,10458975640.91423,713278393.7551178,6.819772970546563
7060019020,4536693032.555141,1686759193.8693643,37.18036864661644
7060019190,19924434040.584343,1365857333.7455103,6.855187610164371
7060019200,3504955638.3379164,124898369.61314812,3.563479327583619
7060019440,720697542.6960875,5202995.519642708,0.7219388455493555
7060019450,607708919.1089271,7137780.1560010435,1.1745393117591634
7060019840,1672124288.2481537,80674145.58179808,4.8246500663128655
7060020090,240840579.99395022,356420.2142935274,0.14799009963457177
7060123570,13156371572.381985,1536249823.5191875,11.676850376771826
7060123580,9423289024.422588,1548625755.304396,16.43402586178543
7060108080,5077373923.358236,1452957354.9196122,28.616315773698396
7060108050,3623169106.700151,176140777.55771032,4.861511355679803
7060108990,6964028615.476875,3156951919.582467,45.33226518579273
7060108980,3597840802.71469,1651108803.7123013,45.89165819861971
7060111430,4061956450.923453,2243761641.625804,55.23844651548893
7060111530,3522490119.538714,3134552704.644757,88.98684164528589
7060020500,16755605759.297321,3046547244.7529364,18.182256663937522
7060020680,347138753.5938471,6632066.249116927,1.9104943428115362
7060020780,1786939643.1028378,559135849.1461349,31.290136256379242
7060020790,1067922718.2336665,1062342758.212468,99.47749402405937
7060021430,2685560842.6762342,462495039.71120876,17.221543908508878
7060021550,7930454376.541227,5665421151.365884,71.43879634595149
7060021560,2330652396.0541077,2258171.8030624688,0.096890115698319
7060021620,5877133940.945066,557299578.5731201,9.482505999914375
7060099390,6780834747.122233,421966547.06245404,6.222929223301533
7060100460,18854141959.20131,856398150.6970552,4.542228188109672
7060100540,8366494843.555408,2724917186.284131,32.56940017578683
7060108890,3017151488.082015,55804836.21887017,1.849586818537407
7060108930,1423500611.5321593,1148377782.8143284,80.67279869857538
7060112450,2537840016.463353,247761962.63080114,9.762710061451143
7060112520,1514860688.6638868,726121695.8144431,47.93323249115965
7060021690,14065222617.324602,1247771844.9751403,8.87132666807718
7060021740,14400899568.594091,2924081773.4321203,20.30485498148355
7060114060,20952108369.29511,4667785182.419642,22.278355476913184
7060114090,9511481594.382965,144389418.95469004,1.5180539174880983
7060121810,4312219745.500612,3509336.660429038,0.08138121124487438
7060123710,6364100234.972692,16940170.213327415,0.2661832715995886
7060130730,20420916767.97642,311151133.4726433,1.5236883681960003
7060142810,3805169172.6221795,220391877.2803853,5.791907462776775
7060135250,8363129157.066296,448956895.871535,5.368288441320985
7060145540,8896586652.114193,761963249.0858041,8.564669562395938
7060145630,15479186871.09102,4283840257.462327,27.674840372027816
7060118090,2626543689.57591,14456168.178529201,0.5503875011065716
7060139370,4559334636.791405,237437611.1041764,5.207725030494169
7060114740,27606769588.25848,823938.1274532356,0.002984551034915969
7060114730,17447724618.75868,3620434268.8189607,20.750180025918688
7060140020,928200846.6480532,1530659.6446473943,0.16490608149895128
7060140080,9756231191.04965,711418357.2682604,7.291938283718761
7060137710,5193480131.219859,2188963.0575116863,0.04214828982117501
7060174110,3177574415.797348,35415256.07965396,1.1145374252633269
7060163190,101597017.03189848,1026329.5554149225,1.0101965445429222
7060144640,27050628950.849415,2215927939.567564,8.191779731236089
7060144740,5515682078.331569,100190477.72989993,1.8164657844131293
7060161120,11241807818.20835,2095637668.6150339,18.641464989471984
7060161180,252754771.0863684,1850428.056325893,0.7321041056406354
7060165930,6759374494.9706745,763184393.6514926,11.290754702514876
7060166020,1522245998.1082516,66981867.20864161,4.400199921161384
7060168960,580894641.8592904,39411344.917570926,6.78459432702385
7060169010,4512148603.261216,292256007.65473443,6.477091810396104
7060170490,2642462086.606964,243436137.25368413,9.212474172761612
7060170140,6166060414.640828,649077314.563195,10.526612957310824
7060166730,4992029521.358282,404634717.0735687,8.10561546846525
7060166920,6217773940.857428,79161617.05362462,1.273150452341924
7060021750,17764641472.681046,10666853841.926748,60.04542145323073
7060134090,16160016881.077372,12688149.097152222,0.07851569209689041
7060159850,26017633504.23993,3308356507.8798747,12.715824086540126
7060192440,9243453455.920742,7199656322.021761,77.88924730734853
7060192420,7332101976.39872,36766311.44746994,0.5014429909160689
7060192560,10847055478.33467,160170334.1997497,1.4766250114573989
7060206680,8564906927.659856,393541348.755156,4.594811736765494
7060206690,3201581999.785659,44600796.701268114,1.3930861900227471
7060214090,4744668571.269089,286711499.94315827,6.042814068812178
7060219980,19492258220.037277,7887158556.7688675,40.46303136217012
7060220090,918260044.4166801,72380651.12175003,7.88236965790333
7060224340,4320573929.687001,263573076.96590975,6.10041816794011
7060224350,2245870911.120991,121472067.88376552,5.408684322962029
7060192820,9907571993.21637,118176728.8870459,1.1927920278344735
7060192810,5660470024.858727,108425467.48494649,1.9154852337134765
7060230950,9792459187.183485,8182240344.9131775,83.55654272853354
7060231030,8022869744.753228,1385299454.1095972,17.266882028286087
7060250980,12830586889.280993,324960350.9100335,2.5327005982985384
7060250990,15400717453.897789,2121386288.9025626,13.774593912608
7060245400,19026766930.778652,762329973.4022814,4.006618550464809
7060245390,6323529291.42305,337914314.3170752,5.343761351361287
7060179770,3998429592.3297296,414875477.58617944,10.375960561667602
7060179920,13571160836.267387,1395426520.7463012,10.282293000442396
7060177100,19859539403.552593,1528168188.7854807,7.694882332024845
7060177090,7465528520.731944,1121545270.1988118,15.02298554059843
7060284070,5738508541.581528,576525526.3559116,10.046609187359016
7060284240,12485841561.145105,87756911.3946708,0.7028513934356092
7060235410,12287669350.692152,1510654093.717171,12.29406529914542
7060235660,10013493667.959627,1535349331.383025,15.332803737577748
7060179090,3537950161.9271984,211284483.81114894,5.971946300567945
7060179080,11014166585.654007,1759145630.747486,15.971663557720106
7060276840,52094828968.141785,2842718259.4904995,5.456814650891633
7060277090,13558078548.493277,1281213855.040514,9.449818795915565
7060302030,2608075705.671711,93057581.16151229,3.5680552124749485
7060306430,4699835047.699231,55054149.654796906,1.1714059982115383
7060199390,4120708682.3131056,972717877.9995418,23.605596827910663
7060201290,11059892203.1011,874340744.5700684,7.905508738366461
7060201280,15318423543.359497,1883677312.9256337,12.296809182706033
7060194860,23347722055.952763,4043978104.9539733,17.32065378910452
7060194980,4395355801.882713,221405538.2783889,5.037260878483415
7060289500,2217643189.3301306,31656449.05128688,1.4274816257005323
7060289200,2571351111.8983793,41955140.87128487,1.6316379617371737
7060284140,9449221392.063297,548106025.275699,5.800541679932177
7060284060,4061940396.737252,1035628991.2886106,25.495917963751463
7060290680,5515372807.7694845,405782912.40881854,7.357307049800762
7060290770,10565556235.60598,199268301.97152472,1.8860180905572157
7060317700,4177143187.924555,250104458.9960748,5.987452374605839
7060212920,2174907610.2772,13622742.132049529,0.6263595781116081
7060213040,2139589928.8936338,89756465.81450056,4.195031234836339
7060314930,9597386729.110819,4839623294.43053,50.426469527907756
7060314820,12949207140.864971,762217693.4738623,5.88621129604502
7060269450,17549126297.658688,627225322.0197749,3.5741113909668316
7060269280,20922132001.077213,2052107789.1608922,9.80831107009188
7060217900,10193397405.582317,351095765.40760034,3.4443449169883835
7060226990,8325120238.084976,1538730756.0833097,18.482985375323096
7060217780,1966799836.6928854,166042100.87665483,8.442247033935574
7060227100,2927790042.7415104,260872777.7046923,8.910228325676574
7060316050,197466038.12715644,139601692.18619093,70.69655800573449
7060316210,469002625.30344784,6537343.523087052,1.3938820745102114
7060208410,13984574641.202238,896786763.4368105,6.412685308244132
7060208540,29556450826.94884,477689526.8027939,1.6161938035105636
7060263820,1345717903.3182652,340375328.87029386,25.293215467446622
7060263970,3956501301.6879816,183958058.90182236,4.649513417911411
7060184430,27360733424.18821,662277329.1636288,2.420539387215928
7060184580,8125395106.869493,17224265.843608502,0.21198065591969192
7060263060,488611106.8525135,13539794.032204472,2.771077824944212
7060262850,11106599138.083563,759425835.9485959,6.837609123251696
7060264520,13355524561.865746,939551770.0847281,7.034929745608391
7060264650,3726319358.3974795,32851912.672379784,0.8816182810082037
7060260120,885600689.0444,59300311.31597935,6.696055236809589
7060260000,4050188941.856919,568776197.1939873,14.043201573041094
7060300250,5463950817.414329,495072748.5111817,9.060710190386779
7060300390,13705544527.641335,1176268006.2466204,8.5824244624088
7060256540,8114795834.179386,182085320.65939707,2.243868168468967
7060256690,17946038854.453842,624845009.2551081,3.4817990439156676
7060259190,6316238027.674259,23157685.386205528,0.3666373129818948
7060259200,3866393557.9689393,3473633.9999126466,0.08984170772665434
7060282770,26881013598.409073,2380177803.114776,8.854494248891138
7060282720,24973217779.996277,6871564656.157881,27.51573592435514
7060242640,14132490344.830418,248540057.8606263,1.7586430402306328
7060202930,7075320129.069752,1282853876.5497322,18.131389861484603
7060203140,13357072073.993732,3183226015.626195,23.83176491069437
7060224620,5550247865.491813,1295010105.824023,23.332473381515744
7060147190,15518950675.947977,443239803.77298737,2.856119676054786
7060163780,18197484764.37036,2624317571.2760377,14.421320337711187
7060022280,29674352717.89991,3853634985.906885,12.98641632571257
7060146370,14908292158.07891,118647134.8291843,0.7958465904150434
7060151610,20580813130.24351,935105627.6792282,4.54357960378684
7060151690,14601348232.17656,796367146.5261202,5.454065842845864
7060191640,24369594081.996834,2095482124.3812358,8.598756784091387
7060191700,12127704069.926641,830223310.4684454,6.845675864792661
7060022850,11036326261.500042,5882490616.330309,53.30116632063729
7060023220,598412921.7416563,555093685.0868596,92.76097906965012
7060150030,190762989.96970657,134669765.21576566,70.59533153530012
7060149790,2796580784.454933,1596726385.4897084,57.095664618925646
7060152640,8621197779.705925,256694342.2066929,2.977478869710479
7060152650,6830095679.817452,7319759.53286761,0.10716920927619047
7060168790,1705169096.4783504,27673616.024866484,1.6229250273195908
7060168780,14605994152.815584,1939816.08546044,0.013280958934839115
7060175260,4745929480.067237,362125256.4821637,7.630228346271874
7060242880,4235862089.925043,1699928.2049162444,0.0401318118679904
7060224630,2824327257.4676137,3230787.654255185,0.11439140580160731
7060175330,25817188386.697624,3343789153.6243,12.95179437644417
7060023230,4283681804.7014565,2241160769.22127,52.31856312860436
7060023450,4782857748.61929,452029190.0787302,9.451027269402305
7060023460,160187353.94982296,160187348.9722641,99.9999968926643
7060023470,2714671359.964569,1261997723.7146366,46.48804795771329
7060023480,5940814982.512004,5895097958.861601,99.23045872014225
7060023720,2829814564.2585382,2478445470.90817,87.58331737392719
7060023730,7019838972.421277,2358447290.1377673,33.596885902986656
7060197330,13451970344.169632,595065792.888892,4.423632952378654
7060222910,6794077635.677689,96996429.91540986,1.4276614886773336
7060223010,3266373291.715946,216100752.4569647,6.61592332404356
7060233450,2135079151.0316896,170476.55364706577,0.00798455427587731
7060233240,6649830207.16013,401977084.9929601,6.0449225389264205
7060255600,11224558279.673723,205444106.82361338,1.8303090572004694
7060257090,4437648094.675625,161353877.11630493,3.636022363059847
7060257230,4107568473.363847,104663872.2278615,2.548073706051897
7060270660,8467060669.184781,200259167.96503496,2.365155699118383
7060270960,8944528306.377794,1075979043.0832717,12.029466576969265
7060271090,13295422999.674871,541042623.5348854,4.06939007166689
7060237380,22444767182.64545,8447045176.601633,37.6348086298395
7060237270,7893944874.534301,394528615.4615009,4.997863827681922
7060243120,2860420796.383441,730551477.3672241,25.54000020874178
7060243020,8662668140.44067,1383847874.3172092,15.97484576209118
7060250850,2479546256.76639,19891063.722220868,0.8022057934164567
7060251010,2497998898.548227,116097037.67998083,4.64760163615178
7060254310,2848137510.334964,806395319.7926875,28.313075364744204
7060254300,3728025295.9949384,357518910.50019497,9.59003445830375
7060245620,1324578627.5980036,190634.39241456543,0.014392078238515944
7060245440,3078031919.5084853,1326652664.3058412,43.10067923264705
7060024300,6794441451.715845,12012202.977296282,0.17679456159362092
7060024580,13729433541.160847,1524883728.878313,11.106676209959508
7060252580,3922754551.0050435,17396361.07614795,0.4434730965181305
7060252700,28871616625.00137,1278213174.5804365,4.427231045571476
7060262320,2655309115.3768096,57597953.35214435,2.1691618884820776
7060262150,24774807276.239582,1880947619.9296136,7.592178614981789
7060284470,172972050.6656751,10219057.26836509,5.9079239848504495
7060284520,8956076049.750324,238573585.53363946,2.6638182191439785
7060287970,13188282058.584913,1213395998.394262,9.200561475741276
7060287980,11804515951.823391,316018384.21299404,2.6770973541204803
7060024610,1681543793.2346272,89702932.62252298,5.334558218669399
7060024620,565301506.5196997,274338.9525282616,0.04852966945325156
7060024660,6426806670.272167,578751301.665948,9.005270134280213
7060024680,29322903074.6505,3208513130.068191,10.942003668258666
7060024730,4245506707.4514766,2783516365.8745584,65.56381976712193
7060024740,1622485826.4937022,1531747664.9067569,94.40746044709455
7060252330,5587922834.539589,429842139.09076756,7.692342070900913
7060252480,3094057380.307031,621386637.7674854,20.08322928082942
7060284340,3920371513.982833,215245913.78087646,5.490446836815247
7060284350,32085278811.376873,2482988212.2374535,7.738714775814976
7060295550,3657415436.367626,61394894.64992822,1.6786415357535307
7060295390,6097203286.8941145,631004277.1085008,10.349077231274855
7060319640,2264184681.2938347,50094167.79563861,2.2124594433265505
7060319800,9183870084.46016,642685141.085438,6.997977270746812
7060024840,21521385545.784515,8996388558.618103,41.80208815774997
7060024890,5244732650.571379,604916974.6361772,11.533800003519255
7060244280,5180943570.397472,2070210118.3463848,39.95816766225775
7060244230,5225332400.096506,284279511.19313127,5.440410091191154
7060245300,3215432142.169133,265379813.982598,8.25331719809122
7060245520,6886597215.070131,2152119754.436528,31.25084402681465
7060253350,2537428492.6615043,1557784014.144023,61.39223306782001
7060253490,69673318.99429092,69673318.99429092,100
7060256760,2445737602.783667,239421343.51258388,9.789330762224104
7060256770,11336866955.18175,6672616169.071069,58.85767377750881
7060024900,13069648644.915642,3706400623.884324,28.358839052082622
7060220600,2128067955.5306518,1606517.6692059762,0.07549184061678037
7060227160,12220378102.384636,3374373674.271102,27.612678151199265
7060025100,15760717970.894989,6579902326.1938925,41.74874734986611
7060185280,10121289437.457596,1426679377.0081027,14.095826286008036
7060184650,18305484408.67575,5051257715.364621,27.59423133850866
7060178410,24664267234.2544,6224390520.752796,25.236470484345855
7060025570,21896216909.44642,8798197469.296186,40.181358751065744
7060148740,2903832752.922303,127076390.66150358,4.376160801052295
7060025870,1807895670.7215447,251783289.12995133,13.926870516231876
7060026040,15739516096.840738,1115361272.7383018,7.086375882687898
7060026050,14372127825.10849,13288199653.915325,92.45812322028257
7060026200,14438054429.19902,13796564190.754284,95.55694819138922
7060026210,6364648115.257801,398538688.85137796,6.261755271214001
7060026360,4128939734.550904,35402708.06574896,0.85742854925926
7060026370,4293629547.272304,40424315.251805335,0.9414951804001456
7060026460,10552263526.021807,9055345645.234217,85.81424850605558
7060026470,4309429997.4364605,1233263957.684068,28.617797676669458
7060026580,4058726329.279659,9073723.323642189,0.22356085598046688
7060026650,12274045588.315475,315148075.79852694,2.5675974032436257
7060026740,28304154174.91234,618403851.4272761,2.184851904090476
7060026850,6754018734.895849,3223063842.3535414,47.720682587109266
7060027040,8655897570.781534,4177084899.5517774,48.257097145554965
7060027050,5175136037.564259,805149945.9072262,15.558044079671769
7060027290,3013281713.1270804,155065538.8386278,5.146068426430202
7060027430,21669822356.822266,4040787121.174492,18.647070818752418
7060028070,223562388.07888618,220003261.30964893,98.40799393859517
7060093380,425305185.6828219,423879709.07223123,99.66483441571442
7060093370,9746341275.87652,3751140095.01113,38.48767438808752
7060093620,1217166202.9383543,1137181929.0202212,93.42864813983141
7060093650,4038950714.120251,712193845.276657,17.63314028039048
7060093860,7844599240.26477,5012202632.192077,63.893673579466444
7060093830,10454663977.756401,224106756.42755723,2.143605542027675
7060096520,2767110314.0975747,57289225.530370474,2.070362906693655
7060028080,13154065671.902905,1541359925.859555,11.717745405148015
7060028410,1078793195.5145311,795315424.3347191,73.72269566044054
7060102690,4918471147.456655,1142577996.5470433,23.230348665110526
7060102570,4548039323.895116,276446261.9107804,6.078361294247148
7060105110,3532670509.766265,23069263.86115341,0.6530261963966676
7060109290,4196038318.8584237,32323312.157261454,0.7703292892247788
7060109330,14112078948.050488,74069960.37727618,0.5248692318824405
7060028420,10995958206.819601,1057980678.5012486,9.621541466437167
7060115800,9474039775.399033,47746634.88917765,0.5039733421128331
7060115860,3369606069.197449,278980118.0229647,8.279309577852533
7060121880,20719530096.89224,4254526537.961252,20.533894919747222
7060121890,15995680105.854836,1265464737.4533072,7.9112906052060525
7060120870,6914414252.692742,133865681.03259268,1.9360379077730288
7060120880,6461837930.520087,2537224422.949467,39.26474867105273
7060143720,3685551878.9501476,88541643.11576068,2.4023985016046585
7060143810,6557208743.143899,309538093.699541,4.720577090415011
7060137470,2302936305.0079556,23470824.8346665,1.0191695177859215
7060137460,2827644361.8224397,50297202.88067437,1.778766932637081
7060156430,29751934458.52541,1492018512.289511,5.014862191127117
7060028790,31732506093.153786,1944542449.833424,6.127919566532297
7060028800,340552370.59326285,3899417.2645581253,1.1450271973632438
7060028840,3261382403.858043,3192755701.5529485,97.89577872794331
7060028850,2964390815.865767,68469173.27554783,2.3097215424191977
7060028900,5258152243.536819,452406205.4779044,8.603900848135199
7060028910,2660686706.9700522,414826862.6373792,15.590969863181579
7060029000,1373328797.7440894,353426067.99549603,25.734992856485242
7060106280,4490714725.574147,2937594715.7573543,65.41485922114049
7060106320,2485687481.0701494,4599332238.2972975,185.03260258273386
7060114610,3509697951.9172544,2066235554.5364342,58.87217597764232
7060114600,1290221953.3354642,1318076335.579783,102.15888298693957
7060121180,8307185980.304597,3317690342.9329395,39.93759560456224
7060121090,3128783295.036269,1743694838.875284,55.73076414853048
7060136810,10242684271.081913,353944975.58047086,3.4555880686448655
7060136860,6111271446.431954,1764306497.5460978,28.86971251418037
7060029010,14402147533.345345,4571145341.574588,31.739331450334046
7060029460,19905534887.28122,9340835386.051758,46.92581957202341
7060030400,4154026164.4440026,4868750.288823522,0.1172055758939877
7060030440,1515090099.6930225,142146.8132109288,0.009382069966646185
7060030610,5391322213.6581135,285840.000917442,0.005301853415351597
7060187940,24707455054.234505,145244982.50458005,0.587858936445529
7060198080,4566725801.830088,102175145.57769635,2.237382974400396
7060197970,3621396300.3166475,12756380.191180956,0.35225032372363013
7060031720,13819485946.153946,6486170212.258244,46.93496008122782
7060032050,11348595189.294062,4127778548.5585723,36.372594842863016
7060032080,22342904511.820263,337273656.77839375,1.5095336266596981
7060032690,7158124998.971058,1094061880.0652149,15.284196353409312
7060032700,4180912040.7314034,923869415.3587732,22.097317675144218
7060032810,7288835379.506764,1111623055.8982446,15.251038033094776
7060032940,19405522929.472477,1415246629.3012238,7.293009492425443
7060032950,16099354726.551516,2920683444.84084,18.141618061399477
7060033110,16136682400.993996,5157292541.882951,31.9600548224539
7060033190,6890742874.154809,1101602375.432961,15.986699773180538
7060033390,14380435926.972809,723639721.7073544,5.032112554738708
7060033400,2459285022.332859,10748094.680828046,0.4370414402244635
7060033440,5570049942.793673,24226445.270795204,0.43494125761185487
7060033460,7624515629.922868,1462097412.8412206,19.176266189331844
7060033480,8170519513.785006,715373690.4959728,8.755547175293078
7060033690,19163809007.46177,6164156103.543129,32.165610193375464
7060033700,18900301554.087593,1279726117.467603,6.770929626733045
7060034000,425420453.36281747,2681475.189066557,0.6303117698903103
7060293910,2146493132.6456435,46070409.64729159,2.1463106006077863
7060293920,10959161486.451698,986253304.9640234,8.999350052312693
7060271330,1934338550.1550837,513611605.73721784,26.552311936089964
7060271320,2034381642.0618274,38861993.998332195,1.9102607492538084
7060252360,3333046648.778351,870407523.1724257,26.114471679880417
7060252370,13303176716.160822,3601073527.52455,27.069275289336964
7060239430,8341947304.053089,1020644948.3016845,12.235092252450281
7060239440,3322724006.154497,832243942.3199859,25.04703793569573
7060034010,19901840442.799374,4422655138.451882,22.222342457036582
7060034100,19037929983.585594,1494636132.4855602,7.850833224905375
7060034110,7653896952.519434,248370562.07441387,3.245020982320094
7060034330,7958710850.757013,1596662137.306555,20.061818644343443
7060320860,8745800079.789907,310523720.80432826,3.550546753542847
7060321100,3566657124.0190234,101555917.55077352,2.847369792483362
7060314650,16851080604.306705,1010681156.937215,5.997723117405958
7060314550,22066546006.00092,600998000.8700616,2.7235707876829585
7060314420,4664720951.318904,413659613.64059293,8.867831923014275
7060293370,14510303051.245735,824964065.8202262,5.685367582652945
7060293380,9522184369.009302,1393233703.5830452,14.63145061670339
7060034340,7623219188.356415,745397198.467483,9.777984602698963
7060034520,24403861617.660385,1419039988.3564339,5.814817386644721
7060374800,2468182484.2467475,444337169.8384204,18.002606074486646
7060374950,165930350.3887214,980786.448881063,0.5910832144833034
7060377200,4324188146.560675,254106356.0098111,5.876394536900977
7060377320,3381263921.1492763,3905479.9826077404,0.11550355351380809
7060380380,60938476.61140208,16289529.52360272,26.73110722389607
7060380530,13506926324.291504,379590738.1933074,2.810341369158379
7060382790,300398600.11190206,15634323.047643736,5.204525933815858
7060382860,3966236908.698654,137222027.93080106,3.4597536932261677
7060360220,5808431303.325766,556330493.1969712,9.577981801703155
7060360130,6335704930.783474,901235492.6970731,14.224707472063825
7060393220,5604643253.461104,614988495.889828,10.97283927054673
7060393390,2327964737.3394833,24352814.404036265,1.0460989384172503
7060402320,16933282156.128927,1579280454.6321537,9.32648756496708
7060402430,4273042668.5384455,128823152.5402311,3.014787413398188
7060341270,2529428911.144224,45179903.94106682,1.7861701406990333
7060341150,111046649.94939733,2541408.138230207,2.28859505386997
7060338280,4931661209.214795,420561629.2303017,8.527788333158073
7060338230,2946262847.451134,114062655.09515539,3.8714351366794406
7060334690,4535016410.4797325,412160886.6495827,9.088410037439813
7060334580,12445366045.782213,838934109.4742756,6.740935593120572
7060398580,782499675.6101176,62915747.216283314,8.040354415128377
7060398520,9571580441.597095,689847465.1744478,7.2072472188233645
7060400760,8697699699.20394,433338636.9445392,4.98222118411608
7060400540,24200007812.679283,1621529212.8292007,6.700531774124558
7060400520,4172991353.3701224,95362576.72600965,2.285233029514775
7060400660,8508995854.579473,897746036.5720388,10.550552050026903
7060434140,20716275498.362118,1225329270.452409,5.914814516486261
7060434190,302690319.1760291,3257912.351984598,1.076318648331123
7060439770,723298150.0371122,38474497.981965736,5.319313754637921
7060388700,5388913516.143156,524405453.62835944,9.731190750369962
7060388530,101211260.04789318,9944898.14044413,9.825881167508637
7060387450,2917348771.273816,489556906.0232659,16.78088375458476
7060387700,1338950073.6594684,21786489.876562692,1.627132355803103
7060386900,4174171808.444461,1331509675.2625396,31.898775047276686
7060386520,12701975462.548685,1971266506.25625,15.519369503337948
7060450680,2531173487.837385,78845945.82931547,3.114995720687673
7060453370,5816472653.583532,121950662.90548332,2.096642934104563
7060356130,74486400.5908438,1244614.0540226551,1.6709279065038467
7060356140,8060653555.068269,1241093409.0004878,15.39693277377155
7060354140,1651577515.2580028,9366644.700833293,0.5671332174421176
7060354130,8756400477.741411,1334792468.8008053,15.243620620068945
7060474840,6697334974.259554,12548460.711320715,0.18736498561814957
7060475060,4960126849.882565,117508722.28558461,2.3690668775611403
7060343940,984990052.4769033,8032882.333316984,0.815529285104668
7060343930,5051086481.071107,424293472.4420628,8.40004371400288
7060343150,3986647876.7446666,241810611.4699879,6.0655121532188225
7060343060,1882055160.7020667,268575104.4800748,14.270309929698751
7060334070,4120318586.8709893,383586951.1831207,9.309643006863226
7060334080,6971764300.636933,850519594.9988309,12.19948865628071
7060498570,458353581.05075693,6153174.671616515,1.342451532179723
7060489890,430235816.45526075,651527.6481517128,0.1514350091816365
7060344050,4859649874.674467,66101051.63432604,1.3602019350983376
7060343960,1715338659.9725657,32821942.000280123,1.9134380146719867
7060481890,6360794422.611846,24457321.719734177,0.3845010559182889
7060480440,3656250134.2465515,28998131.825609636,0.7931112686737808
7060480630,3180935091.138757,5953100.971067553,0.18714940105666777
7060446640,2672985859.190736,3857642.1468195315,0.14431958678552298
7060446550,1131288357.1087265,4283653.867770782,0.37865269635751103
7060431350,4108487587.5911317,18558826.859384462,0.4517191901817521
7060422540,3386780613.377998,754222989.0172942,22.269614572555
7060422720,973556665.52738,7033139.285070571,0.7224170440310927
7060399240,28057593303.779476,3409245974.608657,12.150885279777068
7060396070,1450847838.379621,116421638.82977588,8.024386551783497
7060400750,24230913373.70726,2216372413.485164,9.146879357383735
7060400650,195079454.57770678,116360392.41013457,59.64769209654739
7060392520,7300764299.260611,548234578.6692505,7.509276511293116
7060384130,3393867863.2527013,450318515.4506296,13.268593050615761
7060383830,4335739733.329224,120068959.93939066,2.769284304968993
7060379040,2680291161.044353,76696633.15471612,2.8615037899401914
7060378910,7789149965.846175,756743930.5778654,9.715359620703572
7060363950,152692891.35144556,152214323.1218947,99.68658119882649
7060363960,5573830522.620107,928827644.07015,16.66408119695633
7060359070,3025704189.860011,729855908.0625794,24.121852708157412
7060358930,8347790189.252708,818134657.5487249,9.800613563599446
7060347220,316355748.78577125,315141293.8186541,99.6161109852505
7060345050,337086418.8209118,335072645.33309186,99.40259429766886
7060343600,12368379249.267101,1056816086.6208073,8.544499366668676
7060343590,3397447251.118348,312873133.4285376,9.209065227592516
7060337970,337823502.5416384,18481660.370464537,5.470803609404465
7060331850,3970348924.578862,803764736.3153303,20.244183863527464
7060331860,1001922964.7117833,23058149.828319255,2.3013894920506432
7060335180,15949952912.169537,844776524.8210645,5.296420180504199
7060293670,1465559724.2400646,51009552.079297826,3.4805508936694998
7060293560,1339243375.0286663,501540347.5848285,37.449529856669486
7060293450,14974307263.100891,2104714176.8207762,14.055502801168851
7060288450,1434979328.459706,109218966.89431001,7.611187473449159
7060288400,5331091062.467103,676864692.82126,12.69655094782836
7060034530,403466634.4560929,8180835.051048568,2.027636080013661
7060034570,1999855824.772863,14171618.334545732,0.7086320003170877
7060034580,7248438354.547601,240432375.624183,3.3170231139972106
7060034790,1812113397.927474,10023779.382161532,0.5531540903359466
7060034860,1684822986.7490387,10239553.472507644,0.6077524792242681
7060034870,12393655215.888615,1927874907.4975667,15.555337581329834
7060035320,2385639231.679203,62944654.06172477,2.6384816792864068
7060035330,1726479950.7738054,40048151.70325383,2.3196418635098723
7060035360,3135581250.99152,978483402.8939179,31.205806023508593
7060035370,2347672675.3465223,41183735.58590816,1.7542366965543583
7060035470,11997861304.01814,1143984771.490636,9.534905784479356
7060035480,9499679347.610697,1187566802.579502,12.501125134062466
7060035860,11783025697.822262,1340498556.2701325,11.376522386078506
7060035870,27401017006.844757,2729802895.3329277,9.962414514216844
7060037340,1946261142.3237705,926514801.2022988,47.60485533282914
7060037350,8549870188.314229,1529706427.3155782,17.891574885035645
7060037690,1609390134.4541333,66343067.65274014,4.122248933459638
7060037700,4138227685.8104343,121241089.45860086,2.929782956948559
7060037890,2483781584.8310165,22534063.891355127,0.9072482068864453
7060037900,5249577146.415978,595917514.2991164,11.351724104215986
7060038180,1987233245.5946987,40405804.69145006,2.0332693598510243
7060038190,2039113296.371426,398566039.78649366,19.54604682808633
7060038320,6149478029.569074,250726355.9489156,4.07719736119596
7060390740,10116437266.507254,662404743.6977785,6.547806567148088
7060390750,3833177312.3795047,640650158.8683327,16.713293089764196
7060364000,4316800902.672293,268288414.5288208,6.214982357947949
7060363050,8757180007.467064,455629844.6444188,5.202928845312221
7060355150,2866787287.083106,73488242.84876859,2.5634354937977033
7060038330,38668266.8335454,3957556.6822836413,10.234636838831346
7060038340,5579392178.599928,1097512555.3811865,19.670826503122644
7060038810,61041653.58841696,22563677.415277723,36.964394128994115
7060038980,10897589.45862135,964885.1289240165,8.854115238858373
7060039620,286645748.3708121,2390180.0489791334,0.8338445843219473
7060328250,3528774915.8994546,683400833.3012483,19.36651811432
7060328380,3072142645.7475595,172483175.4682085,5.614426000269181
7060330450,20841941280.75808,6012352282.244876,28.847371755123714
7060055790,1929904734.2670817,230734173.48986837,11.955728663337057
7060055920,1441550803.9602516,282476476.27327746,19.595318839769888
7060055930,13490577452.128622,2468604875.0955834,18.298733941192953
7060056620,1835401463.1105804,313158994.14302325,17.062152364872333
7060056630,1727829921.347671,198434238.60294956,11.484593254883272
7060056700,1353270441.8872824,275600260.7334183,20.365497701188524
7060056710,655848672.1257434,63913598.294066325,9.745174612751585
7060056760,1774417270.4750755,990375513.0484085,55.81412723644475
7060056770,9337134437.927883,1037822761.7230403,11.115002880405738
7060057190,7391311946.258274,2292290227.7498994,31.013306493041906
7060057510,10042040882.528458,4825141552.177354,48.0494115550986
7060059990,8326214784.12079,111309639.56244734,1.3368576531886949
7060060310,7731323550.359751,955128162.9216679,12.354005840012016
7060060320,26223809307.5898,1770588828.189145,6.751836880070258
7060061510,11292848265.426157,101384755.01327473,0.8977784225054296
7060061520,2479801996.5046616,4754179.491689481,0.19171609259088454
7060061620,5210266942.498457,4030718.183672189,0.07736106860082212
7060061630,4011190603.435484,15679786.069424879,0.39090104708550966
7060061870,1883276580.90019,169495752.61486623,9.000045682819923
7060061880,21531902972.60373,2630156776.066922,12.21516175051235
7060062870,1342822172.8785443,764105375.8213446,56.9029459934645
7060062880,691552296.6785885,111276304.10578048,16.090801034169388
7060062930,1224862223.2237306,851261133.1629066,69.49852130490738
7060062940,2891116668.906896,11802880.467738707,0.4082464258421389
7060063060,11983195112.503433,4896452.685845676,0.04086099441656131
7060063420,7870459454.188392,2084023997.7932315,26.479064023183355
7060063860,16791100902.834866,2697224772.8469143,16.063418286001355
7060073760,24574452616.948685,2462648497.634061,10.02117335437862
7060073860,9408735184.272455,1060918467.0920823,11.275888270992073
7060073880,18909350245.926445,993413334.7573062,5.25355616051013
7060074540,15163830596.631575,3049105171.470591,20.107750162732003
7060074670,3904421498.9611707,310932434.72275823,7.963598059417674
7060075500,2629505701.7523303,364201045.3437618,13.85055164934818
7060075830,3144539217.0298405,53982408.25612643,1.7167032919727825
7060076630,7598579225.428667,598557679.440707,7.877231541360152
8060000060,26217550517.17886,15685272738.592094,59.82737681124876
8060000070,218055996.14617825,217954441.40260226,99.95342721806746
8060000290,2967223905.389022,2967223879.832142,99.99999913869391
8060000400,1587615399.1776586,1581706387.0889568,99.6278058217524
8060000410,223406168.17015836,219890923.6266205,98.42652305783228
8060267640,2904960742.567587,2918296550.7003794,100.45907016702077
8060267770,518328620.0622585,518328620.0622585,100
8060146840,3938614869.5223346,368291324.53157115,9.350782869923927
8060130480,4676618950.888691,47801257.364040405,1.0221328242908652
8060119700,16272863705.766718,3051055718.1682982,18.749347215924118
8060119620,6794030035.820235,5953024272.863655,87.62140057487916
8060194180,4044740007.1804295,514655247.28104657,12.724062519900025
8060129020,6509390574.596336,270141300.401075,4.150024450143356
8060129130,23197508114.07078,5308047786.554447,22.881974048474518
8060202520,7924734589.022524,395421932.48848355,4.9897183059761865
8060234860,7654566185.298281,2525081356.1825743,32.9879093740461
8060214160,3515153104.6576047,649061929.489103,18.46468447218105
8060231240,18217900814.345192,110474099.72508058,0.6064041123667264
8060212970,4086088021.33806,477573813.5823459,11.68780043622154
8060252130,9296832273.993973,2636644747.093547,28.36067887842865
8060252250,4513973756.007437,3607173182.604908,79.91125729971934
8060228670,12526506678.90287,643574147.898115,5.1376985171933205
8060259590,27143277072.674328,677341651.6723908,2.495430635950307
8060249330,11791718425.371866,30512668.40199352,0.2587635432028328
7060414850,232832582.39256284,80000366.78315374,34.35960979390362
7060337870,21895821.48496243,22302510.35513094,101.85738119233304
7060024590,95029386.15133101,3476557.246728368,3.658402297992403
7060024600,63854110.625341274,3401661.6599513483,5.327239901453358
7060033120,578077946.1073552,11408035.017044948,1.9734423521713724
7060033180,5856514550.287102,560627928.8296616,9.572723230102419
7060033450,77963491.85955746,66801.36822090484,0.08568288390832988
7060033470,29924637.77294685,40242.981488528945,0.1344810981301512
7060034800,738273368.4754381,501778.046344837,0.0679664292077916
7060059430,2989681930.9635954,2058115382.9488833,68.84061349916037
7060024690,556157937.4498724,60775486.90604763,10.927738833454201
7060024830,379451528.4641657,5443615.437335276,1.4346010040777464
7060025090,1185407555.344997,536304192.55286986,45.24217769109678
7060220780,1853341778.7404177,9930321.670113359,0.5358062816056669
7060221070,10927243424.28711,36406614.486843556,0.3331729062237736
7060220950,11686474956.785261,2254951028.136046,19.295390923905614
7060228720,3782020760.552383,323862810.2792947,8.5632213777693
7060227150,2440174647.5739436,49792662.17251068,2.040536820674506
7060025560,3781502727.05217,517347373.64516574,13.680999618066078
7060184050,18909682798.334038,5023077425.918429,26.563520284755743
7060185140,8469942096.40202,30425023.4078868,0.3592117048924238
7060178270,9992433104.218864,2071326018.0400782,20.7289455574694
7060148930,3349285211.397362,30548062.51249373,0.9120770727001989
7060156440,9368673587.483381,1070959655.6535623,11.431283688700313
7060453430,616853422.9136142,7906813.780170126,1.2817978285381773
7060059690,607655596.0806061,234623837.79900843,38.61131853509424
7060059780,3614311575.1838956,12996519.041017976,0.3595849104502485
8060153970,7859785939.552635,9703524.456273347,0.12345787189244564
8060213590,13004280509.90493,231058768.54673457,1.7767900990042838
7060419920,257603814.3319807,5305454.737920884,2.0595404426285424
7060399420,55010567.86587987,40119447.61599773,72.93043713675549
8060274780,1517229290.6106842,18472098.449616317,1.2174889164037497
8060274770,8373716683.362234,2988682513.9115424,35.69123039294804
8060280670,1275593672.4076214,6184609.005338584,0.484841618386632
8060280610,1879673259.496852,355211.37621866865,0.018897506490769097
8060287740,4259481188.294795,1359149.6670543365,0.031908807832966325
8060287840,4684427166.194562,428135757.2342718,9.139554144932344
8060298170,4155588060.313766,1963470913.0975397,47.24893046663746
8060298100,2879874125.3586907,535593234.707767,18.597800160486475
8060008980,2184433026.4198117,2149464965.303888,98.39921569153188
8060009130,3566994734.1380234,3530047739.504185,98.96419822882731
8060009140,1466129172.7706604,1465719235.9128735,99.97203951292967
8060009240,4329234961.147463,4376700300.435153,101.09639092619518
8060009250,9623145983.628494,6566660189.333294,68.23818531387668
8060122010,28700651347.071915,3890384953.1034074,13.55504063673562
8060122100,22473497892.462303,620156858.8409895,2.7595030458030854
8060159800,12401787799.21934,2021901926.1622982,16.303310126702634
8060159890,12338531143.57794,245485114.14732325,1.9895813471694754
8060148430,17547891460.815823,453900600.57532084,2.5866389793262288
8060148510,14839689485.64571,8818210825.88127,59.423149213540086
8060164230,14714150308.78465,1523894683.2081585,10.35666111347498
8060164290,16980843404.514643,1890842462.0042343,11.135150457258925
8060183170,4470425788.536782,18912325.058844943,0.42305422242643126
8060183070,22404157921.562115,2890085093.365857,12.899771120540056
8060194580,25253122853.561462,4735579863.962824,18.75245248448535
8060196880,16152586555.9983,3175748514.0719895,19.660928626274213
8060170630,12133985111.773798,51569824.687952094,0.4250031973247855
8060170460,6325173398.070512,1643655886.14584,25.985941929232098
8060155650,29562105459.964672,5681120229.778738,19.217576493232382
8060155560,10702781761.091158,2478417592.634046,23.156760998753366
8060231560,26685060385.00204,6466414164.304531,24.232338510797927
8060148890,18319653369.869442,3785727130.7814207,20.664840400353057
8060148880,1264294926.4724905,1310530.769333083,0.10365704566968366
8060147790,7820024902.608866,1572071790.111985,20.103155804369887
8060243490,12027647033.73311,3654934111.188579,30.387773277165834
8060150880,11346727846.195751,2717975919.2398868,23.953830179783065
8060147910,6797797536.337276,307188640.40916395,4.518943654427819
8060252610,2684096060.2496743,968522802.3482383,36.08376081212781
8060254850,4239375461.3109794,1476130431.0634308,34.819525765876705
8060176280,7762754063.900786,109652.35070610046,0.0014125444372380402
8060176270,2004866400.8938909,93265297.47384167,4.651945757196507
8060264660,9295402218.60927,561541910.5614021,6.041071675598961
8060270510,4344432717.624597,3107629697.353072,71.53131143557516
8060191300,2735221285.4382143,299126.3238492012,0.010936092280419559
8060261020,103187579.3191034,65439327.894735366,63.41783412940321
8060260870,2201624096.281061,2095697541.733905,95.18870843001378
8060261290,10622143269.840826,2502435147.9441047,23.558664992301537
8060261410,4088538090.1329784,86195509.78386356,2.108223230006892
8060265470,2908948534.8218117,2857161109.4977255,98.21972012553124
8060265410,2171655339.4696765,2160285347.555636,99.47643662843768
8060286860,7489436672.110809,33284896.30495542,0.44442456438548755
8060286910,22868694587.997288,654080711.068594,2.8601576209421697
8060259990,1143778380.9254897,1121759571.510396,98.07490596235284
8060260060,8368265840.465403,6797108911.579411,81.22482054419758
8060258940,6915734411.419848,6854567610.154877,99.11554149384384
8060258800,2286736403.9410334,2266135749.259862,99.09912420838417
8060272020,7338227898.184747,57072837.54297253,0.7777468666119051
8060271080,18693603399.60693,11592487422.744423,62.01312382067643
8060298780,2722054586.0140986,1483978.0694556108,0.05451683728461148
8060298770,4101524273.470051,2620247.6802570196,0.06388472932381763
8060296490,1421254176.787313,169114879.12559813,11.898989068083191
8060296400,10673760503.701454,163987345.36921704,1.5363596111450073
8060266590,14300190299.51891,9604045152.389915,67.16026116598614
8060264770,16511621267.07936,8568521056.419853,51.89388078748906
8060241560,6377766392.680619,3478604728.5817485,54.542680217543484
8060241570,2391243601.4765453,2263766839.39856,94.66901816279734
8060302210,7614267301.411565,1210269904.2454588,15.894765134146182
8060302220,7303745424.15277,1014627835.1026086,13.89188390585649
8060306980,572509796.1537732,1578583.2831091378,0.27573035321218126
8060309320,20255266397.33528,8097821942.320519,39.97884690070452
8060309340,4246293853.311495,371170796.8556259,8.741053014175323
8060246160,20275585382.640022,11870971754.303837,58.54810862559744
8060246110,27446066031.710964,9270978297.313456,33.7788967154777
8060299210,422725249.85933733,8710194.215927212,2.0604859110794886
8060299220,3815598135.395082,16105983.966956493,0.42210902184773225
8060275110,5310001573.313804,336072.94469475746,0.006329055463631906
8060297380,3883354176.529595,5522360.081933176,0.14220593412028923
8060297330,9362070469.581936,56843252.139078304,0.6071653949173558
8060229140,30326467983.61398,2250372277.121413,7.420489185675484
8060279900,5206287092.807511,1023511619.1563116,19.659146737610637
8060316070,7702188884.492134,173159312.6165431,2.248183149145931
8060316110,11110947034.358086,428722275.95596814,3.8585574625658974
8060297840,22911528715.625114,10518559734.300749,45.9094627200818
8060308720,10963752323.588926,638931927.284316,5.827675675504178
8060308670,21651309021.827965,745334528.404345,3.4424455706254493
8060283050,28885179487.639523,1140698125.3977387,3.9490775049047677
8060282950,27844564749.659443,2730335.5293726735,0.00980563192105945
8060293870,717377945.8256681,2088007.0397387743,0.29106094658870185
8060293820,9752725184.362167,7030697.924302683,0.07208957282602334
8060292670,14624239554.636375,1125187049.3321948,7.693986720666598
8060292590,2592354392.881425,9659157.1476363391,0.37260172352052917
8060197650,4331787357.483643,1056244.6814565063,0.02438357643829692
8060307300,1014269450.0285147,947593678.6138227,93.42622698408026
8060307380,22103301866.628326,12732455432.364502,57.604314093850505
8060285990,12516877318.81822,1837871.0079877637,0.014683143096918093
8060311240,1321283680.900033,640515313.0353386,48.47674441865747
8060311330,22639221428.901157,17670714333.61558,78.05354256157062
8060311100,28985762908.332836,6312584777.598825,21.778225391418218
8060311060,26799370170.9434,3026582710.6173077,11.293484478597225
8060302950,2239418305.5607615,9056297.226506263,0.4044040009862526
8060303080,9620417347.04958,299113096.30618626,3.1091488603446007
8060303200,9667557183.960999,2387560148.9396725,24.696622978354494
8060327990,28255686198.754116,634132131.6583549,2.2442637818023186
8060328000,1532872821.7207236,17362102.658855688,1.1326512162545808
8060315160,2374714383.4555864,87971529.57519042,3.7045099060366953
8060328810,523953183.8687738,177668259.11448684,33.90918589378867
8060328820,13329454911.17057,2525391426.8973455,18.945946730207066
8060314130,9442660763.233463,814577670.7001957,8.626569259714236
8060328010,1372288129.6401987,16254588.007887265,1.1844879844693452
8060328070,2572699644.4202657,1506101913.8318946,58.54169246294901
8060304890,13188836697.733727,1602809.809289381,0.012152776215394312
8060327140,3016649336.630453,83963798.59054248,2.783346329684067
8060327190,1155089593.9926293,687879513.2917037,59.552048331940306
8060325210,10431194191.06573,34139530.27975881,0.32728304788917806
8060320050,1382340647.5002556,12679002.626593096,0.9172126023727268
8060325830,2486827003.325001,24115814.8068359,0.9697423574133608
8060325760,6039948552.55583,534621447.4008724,8.851423861460626
8060323980,2834840422.508122,55804874.73204963,1.9685367221720482
8060324030,9482931232.63238,38864120.27900959,0.4098323537902663
8060328330,7059215972.316137,42682008.9656405,0.6046281787244495
8060331970,22896111133.85376,708002943.1240402,3.0922410316099502
8060331980,1759821597.3570898,78779128.52620625,4.476540613237002
8060338740,20226449519.594555,531483226.5881591,2.6276644651513354
8060338780,1161138417.5182078,698824.381624223,0.060184416524420505
8060340700,1751746565.4996517,144720403.40557218,8.261492059172012
8060340710,14135888515.199974,119496446.48785657,0.8453408949806371
8060335620,13404747106.346844,41334110.67114694,0.30835427437177215
8060335660,3021396849.9895725,323003.07562796236,0.010690521360313099
8060342260,1717945484.5033913,1252668.5316675527,0.07291666371064523
8060342280,1852006579.4049072,13630816.859836478,0.7360026152939682
8060338970,14927822470.737879,1314491376.1523714,8.805647164742819
8060342750,4057959897.845103,10295536.593610626,0.25371213251954167
8060342780,9726913440.930515,200611095.6082794,2.062433235646108
8060332620,444018914.4347779,13931082.244249353,3.1374974784538585
8060332600,15843893950.883339,714225254.2860056,4.507889641903249
8060332270,13464279285.678082,2178711102.223504,16.181416442698076
8060331810,1368851190.2241905,11814079.013213871,0.8630652548345273
8060331910,1869370987.9343019,363778480.48785067,19.45994042037821
8060341320,6887020256.321544,4329882871.213033,62.870192188539974
8060341350,3786814838.2275357,975114729.425597,25.750261660060758
8060343130,11886142487.092821,9313651805.218088,78.35722830457229
8060343100,5665490632.599869,1555068001.671667,27.448072947533113
8060331800,4899173746.768781,449973068.6029923,9.184672597083727
8060331740,9406612771.215645,1404047409.565103,14.926174210779742
8060332890,1100454068.5823462,3628224.915903886,0.32970253093597324
8060332940,2294072573.4195004,1600853.6865329053,0.06978217276477455
8060333190,209922584.42730197,482535.25701087713,0.2298634319538798
8060333260,22699332053.157223,1930271926.3617666,8.503650776337656
8060332850,11625836240.276398,2043681990.1706069,17.578795606035644
8060332260,3211019888.9941897,5734152.999535153,0.1785773118126435
8060332210,3375299115.6526384,978107388.9739361,28.97839140946215
8060327650,5877070028.321819,835824569.0695835,14.221790195483699
8060327690,5539418894.893784,610719874.1440204,11.024980882145957
8060322730,11109133067.75042,3223414740.397057,29.015898187002207
8060322700,2450635691.8341866,1763206970.356763,71.94896312952517
8060104840,23239386783.622032,332435947.310297,1.4304850227140304
8060109640,9053390921.121767,1055358889.1932858,11.657056437617308
8060109650,7501499553.745779,789965067.8852202,10.530762045980008
8060125280,5426817919.9798155,2011013.3736065107,0.037056953140119184
8060125380,4528185950.596928,716122111.3801999,15.81476819179206
8060010200,23944432474.57899,1721725071.5648263,7.190502733329448
8060010430,15079159105.937216,11780780047.653723,78.12624009660591
8060010440,8556879887.076499,5043385211.929341,58.93953495299604
8060011270,1632943313.1169264,8323891.684871003,0.5097477431094984
8060129850,3011230760.9991713,268394939.43706024,8.913130900270254
8060130010,7938811036.118581,7729595.327375829,0.09736464682443127
8060012110,9188882621.192934,626413835.4188906,6.817083874530626
8060012500,6897580356.672615,2492821259.3327675,36.14051784001689
8060012510,1108132548.5992465,1108132542.5978415,99.99999945842174
8060012600,17787831289.743748,7142748430.524537,40.15525172336754
8060012610,4525895557.425278,4504089797.327316,99.51820010379633
8060012680,7460442545.503589,5579806160.4735775,74.79189239030504
8060012690,1787516188.0662916,1787516187.5428188,99.99999997071508
8060012760,5814754061.692707,5052787541.726815,86.89598026190502
8060012770,8529143337.323964,7990114091.465425,93.68014788191306
8060012900,7678526365.772663,7531352635.438482,98.08330761237973
8060012910,3822673955.996006,3822673953.83325,99.99999994342296
8060013040,5340008749.15562,5189512521.212026,97.18172319535262
8060013050,17162107091.081003,2120366800.4028163,12.354932813027093
8060156300,24778100679.097107,1262343671.405832,5.094594165043286
8060160010,11177696276.236813,5506420123.155483,49.262567053837735
8060177370,14540765387.13668,6942317798.803914,47.74382650410792
8060201080,29138208376.169697,925894538.1202707,3.1775959803949423
8060190480,8953937937.663708,8953937937.663708,100
8060190630,20130794171.5455,5591627677.609691,27.776488249595992
8060192880,5053266287.752303,5053266287.752303,100
8060193020,1449893771.2650576,1449513239.24705,99.97375448977373
8060199520,14273605520.957483,13073557337.420471,91.59253643534551
8060199600,6650777611.271052,6190065899.07096,93.07281435152295
8060211930,13459911616.733849,614701550.7219368,4.566906293483514
8060211920,9035428021.956623,6177593940.324071,68.37079466863278
8060281810,6068744163.117489,2136678167.9746835,35.207913046660394
8060281800,7645058631.850058,293110781.071375,3.8339899690271437
8060239530,8686149088.231821,819328696.5459111,9.432588460356442
8060018140,20486746846.718758,19225887.535836954,0.0938454879131591
8060018840,1427903377.8433812,94269947.8914022,6.601983674398322
8060018890,4815044473.581,24714727.17327574,0.5132813893802964
8060018900,707553438.4554709,112005980.56919993,15.830038337980449
8060282670,11630864261.205805,17523909.32881046,0.1506673015457727
8060283690,3410508594.1209383,95202905.25504881,2.7914577145227057
8060290230,612930276.679058,220939654.81380874,36.04645801001881
8060290300,3641137227.8262854,2152987566.1204243,59.1295364993901
8060293840,3136877638.33395,233688195.2050032,7.449707070152696
8060293900,8379415878.64649,2498737770.822916,29.81995173661833
8060018980,6277954693.384663,902053855.5134774,14.368594543442763
8060022890,7706416741.783521,3866377056.0882397,50.170879484431204
8060023080,7292225519.650273,5221867254.397843,71.60869120581282
8060023090,1182244283.6545045,1182240802.7777233,99.99970557042828
8060023160,3775105344.1631474,3775105343.560832,99.99999998404506
8060023170,1907546246.5481074,1859145204.8784447,97.46265435203739
8060023260,11221380311.384449,3617660945.193415,32.23900130648974
8060023560,10177325987.901901,6526072869.188349,64.1236497381148
8060023570,17759314852.649673,3937003822.940494,22.168669543876554
8060024130,6883919608.316771,21766949.350464035,0.31619993534158086
8060034410,1937151383.3829966,15236431.816073935,0.786538003522749
8060034420,11476317511.727667,4728346419.752365,41.2009027714723
8060034890,3273100602.5596194,3233760817.9405932,98.79808813122756
8060034900,3031370317.7839637,220468373.73359635,7.272894784256064
8060035020,34181484263.458405,2968689458.078437,8.68508059859795
8060036730,65590824884.05693,12848673075.33769,19.58913170866494
8060038790,3904798670.223423,2580388464.4592156,66.08249700903458
8060038860,4326014146.154914,2415389783.0694675,55.834070381307825
8060039140,31531524174.057076,41519991.31120311,0.13167771745510531
8060040110,55998799963.588936,1463044069.3436506,2.6126346819841473
8060023270,9451454350.60878,1444014543.69335,15.278225870078286
8060009470,2629664477.8693037,2980595.0405301293,0.1133450698982392
8060009560,4175797735.755654,59340914.79661756,1.4210677468524275
8060009570,8893561878.659727,522255882.26387405,5.87229154515737
8060009900,12601937152.255836,381182816.39659286,3.0247954087626794
8060010040,6793898812.992744,559869349.999033,8.240766685078253
8060010050,5754287304.841297,62159937.59213401,1.0802369485415948
8060010210,4285198612.741826,15967421.957918547,0.37261801379381126
8060129330,23145433086.667274,274022504.8489764,1.1839160832415991
8060016890,7167112370.323819,345973705.06258893,4.827239858762776
8060016910,15973862403.066177,8511789220.617373,53.285730187481384
8060017300,5760432246.749307,4915687499.565004,85.33539305733517
8060017310,7130872858.000414,3421858346.3448296,47.98652864082002
8060017600,3352371840.8378286,4203.439782619476,1.253870388545248e-4
8060017800,11682095472.870045,139226679.7670347,1.191795428229193
8060018080,30033811023.71756,98799320.4527244,0.3289603186711904
8060030970,1410654556.034532,154869819.44031927,10.978578616416998
8060031040,4681542142.726427,230751965.03261542,4.928973359582545
8060031050,12268369520.232826,798241870.7386173,6.506503324848243
8060031590,13751141738.084953,832645259.7222306,6.055099100725206
8060033320,21449197186.365055,15159879.526628055,0.07067807431163424
8060034100,1047572963.6015722,1857539.3967423139,0.17731837888943452
8060034170,5041434012.439148,883595.290696007,0.01752666579619686
8060034180,992857326.1133169,138275.5393866215,0.013927030173400749
8060034210,3477392953.475282,1.130197005960781,3.250127383019138e-8
8060034220,2954621038.428044,2331959.870409111,0.07892585343702117
8060034350,1786564303.0655248,52339.37032984942,0.0029296102155428436
8060034360,1720840385.0751474,1463846.5653360665,0.08506579564450086
8060035010,5268969814.6203985,47384.90341343424,8.993200773697745e-4
8060041630,4863803060.781661,13713040.242745409,0.28194069684518824
8060041740,3540054179.8213587,482294434.93128246,13.623928065293633
8060030130,24892290723.55158,67395188.46847685,0.27074723341838364
8060009460,5604178060.248002,2931963035.626638,52.317449661777694
8060112340,15730471456.94727,4744056761.770956,30.15838892530949
8060112350,5635085929.894262,5703192.283858537,0.10120861251827534
8060155680,9103640718.577085,8665110540.652658,95.18291427044619
8060155780,1545697582.642007,1176659660.5815513,76.1248302252196
8060157910,635326881.8628621,239322171.56663957,37.669139839465856
8060158000,10444286709.946718,10281853960.241438,98.44476933450528
8060160210,3207868517.4079022,645208808.7082933,20.113318398400263
8060160330,9747099310.202255,9562586596.41603,98.10699872942614
8060150960,614912524.4458112,49904196.88515604,8.115657902745127
8060162560,4180016568.307991,1889521.6431154485,0.04520368788586642
8060162570,3624033925.961127,10255228.501007214,0.28297826980986207
8060304100,1889993070.3043234,5763908.488622795,0.3049698212753077
8060303960,2191017305.9024477,5970.810384094715,2.725131548714731e-4
8060306890,4072184123.7758784,660425619.397458,16.217970487667614
8060332200,153916032.12543693,679705.1841638058,0.44160778755644287
8060142120,24744710090.435883,1324492471.629087,5.352628771112653
8060043200,11070772338.861681,21864919033.74505,197.50129769169513
8060047730,19818506978.310852,12073686614.301397,60.92127236181162
8060055670,2403040245.3106666,152259284.02354926,6.336110446783843
8060055680,2731159892.599634,933362566.0620266,34.17458525921793
8060055790,2449849668.1740103,2125317316.1277614,86.75296871223374
8060055800,25715706922.268448,588108369.8129454,2.2869617062857195
8060056830,4542822076.385598,4201270123.494866,92.48150274988359
8060056990,3099168695.9635205,3099168603.6636014,99.99999702178462
8060057000,15799694947.735435,11113862314.522251,70.34225883022631
8060057510,8698676214.088472,8698676213.868889,99.99999999747567
8060057520,1217381652.2078142,1217381631.3355434,99.99999828547844
8060057550,4641202086.400565,2440281057.4941397,52.578642603056174
8060057560,9015805946.33568,159054751.87838227,1.7641767449867014
8060056650,2206976550.2672577,161610875.44803154,7.322727349706592
8060056840,911937528.545768,912025447.778476,100.00964092714203
8060056660,5880520878.421867,210503268.31854767,3.57967045216987
8060041750,7573814931.499681,5663721356.525734,74.78029774625438
8060041920,2750287382.2156353,946583154.3553802,34.41760888248746
8060041930,1116665342.3497584,253575521.61355805,22.70828259789708
8060049770,4062023966.5082426,31810422.13470428,0.7831175393592974
8060049910,1983928875.6552913,6093.0504080527935,3.0712040551555866e-4
8060049920,11865978019.169493,20094209.112013336,0.16934305018559054
8060051220,8997805438.72238,21598670.672495283,0.24004376199939406
8060048550,8066283349.724114,6342236.532976088,0.07862650316137243
8060049710,1403298560.5566416,11745177.360842837,0.8369692445336734
8060052790,6526597260.709258,15539876.362645686,0.23810073981732002
8060053140,67379918889.299965,105247555.60871613,0.15620018151347106
8060058620,14022165126.11941,362052763.56483984,2.5820032805806563
8060053110,539501943.0956992,2460044.096466789,0.4559842884625933
8060056630,2081627856.871953,15340797.14233344,0.7369615607174831
8060056640,289035554.2157119,29629130.42256666,10.25103313084243
8060052560,3885389824.133532,27321678.16455884,0.7031901405324692
