HYBAS_ID,Native.richness,Introduced.richness,p.perm,jaccard.S,Jaccard.D,Jaccard.D.scaled,Jaccard.S.scaled,new.FBI
7060016090,26,6,0.01,0.8125,0.1875,0.616071429,0.383928571,High change (0.5 - 0.75)
7060016100,31,10,0.0015,0.756097561,0.243902439,0.801393728,0.198606272,High change (0.5 - 0.75)
7060016260,32,10,0.00225,0.761904762,0.238095238,0.782312925,0.217687075,High change (0.5 - 0.75)
7060016270,30,11,0.001,0.731707317,0.268292683,0.881533101,0.118466899,High change (0.5 - 0.75)
7060016850,19,1,0.5485,0.95,0.05,0.164285714,0.835714286,Low change (0 - 0.25)
7060016860,21,3,0.11975,0.875,0.125,0.410714286,0.589285714,Moderate change (0.25 - 0.5)
7060017140,19,0,1,1,0,0,1,No change (0)
7060017150,23,2,0.3725,0.92,0.08,0.262857143,0.737142857,Low change (0 - 0.25)
7060017930,21,0,1,1,0,0,1,No change (0)
7060017940,22,0,1,1,0,0,1,No change (0)
7060018020,25,0,1,1,0,0,1,No change (0)
7060018030,24,1,0.69575,0.96,0.04,0.131428571,0.868571429,Low change (0 - 0.25)
7060018590,17,0,1,1,0,0,1,No change (0)
7060018600,15,0,1,1,0,0,1,No change (0)
7060018610,23,0,1,1,0,0,1,No change (0)
7060018620,21,0,1,1,0,0,1,No change (0)
7060018780,23,0,1,1,0,0,1,No change (0)
7060018790,21,1,0.5955,0.954545455,0.045454545,0.149350649,0.850649351,Low change (0 - 0.25)
7060018950,19,1,0.555,0.95,0.05,0.164285714,0.835714286,Low change (0 - 0.25)
7060018960,20,1,0.566,0.952380952,0.047619048,0.156462585,0.843537415,Low change (0 - 0.25)
7060019010,22,1,0.627,0.956521739,0.043478261,0.142857143,0.857142857,Low change (0 - 0.25)
7060019020,21,2,0.30575,0.913043478,0.086956522,0.285714286,0.714285714,Low change (0 - 0.25)
7060019190,24,0,1,1,0,0,1,No change (0)
7060019200,22,0,1,1,0,0,1,No change (0)
7060019440,22,0,1,1,0,0,1,No change (0)
7060019450,23,2,0.377,0.92,0.08,0.262857143,0.737142857,Low change (0 - 0.25)
7060019800,18,0,1,1,0,0,1,No change (0)
7060019840,24,0,1,1,0,0,1,No change (0)
7060020090,19,1,0.55625,0.95,0.05,0.164285714,0.835714286,Low change (0 - 0.25)
7060020100,21,1,0.61125,0.954545455,0.045454545,0.149350649,0.850649351,Low change (0 - 0.25)
7060020430,21,0,1,1,0,0,1,No change (0)
7060020440,20,0,1,1,0,0,1,No change (0)
7060020500,25,0,1,1,0,0,1,No change (0)
7060020680,28,0,1,1,0,0,1,No change (0)
7060020690,29,0,1,1,0,0,1,No change (0)
7060020780,23,0,1,1,0,0,1,No change (0)
7060020790,24,0,1,1,0,0,1,No change (0)
7060021430,13,1,0.43975,0.928571429,0.071428571,0.234693878,0.765306122,Low change (0 - 0.25)
7060021550,17,1,0.502,0.944444444,0.055555556,0.182539683,0.817460317,Low change (0 - 0.25)
7060021560,16,1,0.4845,0.941176471,0.058823529,0.193277311,0.806722689,Low change (0 - 0.25)
7060021620,17,1,0.50925,0.944444444,0.055555556,0.182539683,0.817460317,Low change (0 - 0.25)
7060021630,17,1,0.5085,0.944444444,0.055555556,0.182539683,0.817460317,Low change (0 - 0.25)
7060021690,18,1,0.5175,0.947368421,0.052631579,0.172932331,0.827067669,Low change (0 - 0.25)
7060021700,26,1,0.76075,0.962962963,0.037037037,0.121693122,0.878306878,Low change (0 - 0.25)
7060021740,28,1,0.802,0.965517241,0.034482759,0.113300493,0.886699507,Low change (0 - 0.25)
7060021750,38,2,0.5475,0.95,0.05,0.164285714,0.835714286,Low change (0 - 0.25)
7060022240,36,4,0.235,0.9,0.1,0.328571429,0.671428571,Moderate change (0.25 - 0.5)
7060022250,36,3,0.40125,0.923076923,0.076923077,0.252747253,0.747252747,Low change (0 - 0.25)
7060022270,36,3,0.4105,0.923076923,0.076923077,0.252747253,0.747252747,Low change (0 - 0.25)
7060022280,32,2,0.5015,0.941176471,0.058823529,0.193277311,0.806722689,Low change (0 - 0.25)
7060022840,25,1,0.7445,0.961538462,0.038461538,0.126373626,0.873626374,Low change (0 - 0.25)
7060022850,26,1,0.764,0.962962963,0.037037037,0.121693122,0.878306878,Low change (0 - 0.25)
7060023220,26,1,0.745,0.962962963,0.037037037,0.121693122,0.878306878,Low change (0 - 0.25)
7060023230,26,1,0.76475,0.962962963,0.037037037,0.121693122,0.878306878,Low change (0 - 0.25)
7060023450,26,1,0.76575,0.962962963,0.037037037,0.121693122,0.878306878,Low change (0 - 0.25)
7060023460,25,1,0.74125,0.961538462,0.038461538,0.126373626,0.873626374,Low change (0 - 0.25)
7060023470,26,1,0.76,0.962962963,0.037037037,0.121693122,0.878306878,Low change (0 - 0.25)
7060023480,25,1,0.73125,0.961538462,0.038461538,0.126373626,0.873626374,Low change (0 - 0.25)
7060023720,25,1,0.73475,0.961538462,0.038461538,0.126373626,0.873626374,Low change (0 - 0.25)
7060023730,25,1,0.72725,0.961538462,0.038461538,0.126373626,0.873626374,Low change (0 - 0.25)
7060023850,25,1,0.72675,0.961538462,0.038461538,0.126373626,0.873626374,Low change (0 - 0.25)
7060023860,26,1,0.766,0.962962963,0.037037037,0.121693122,0.878306878,Low change (0 - 0.25)
7060023960,28,1,0.79425,0.965517241,0.034482759,0.113300493,0.886699507,Low change (0 - 0.25)
7060023970,26,1,0.759,0.962962963,0.037037037,0.121693122,0.878306878,Low change (0 - 0.25)
7060024030,26,1,0.7615,0.962962963,0.037037037,0.121693122,0.878306878,Low change (0 - 0.25)
7060024040,26,1,0.76525,0.962962963,0.037037037,0.121693122,0.878306878,Low change (0 - 0.25)
7060024100,28,1,0.78825,0.965517241,0.034482759,0.113300493,0.886699507,Low change (0 - 0.25)
7060024110,26,1,0.7535,0.962962963,0.037037037,0.121693122,0.878306878,Low change (0 - 0.25)
7060024290,25,1,0.73175,0.961538462,0.038461538,0.126373626,0.873626374,Low change (0 - 0.25)
7060024300,27,1,0.78075,0.964285714,0.035714286,0.117346939,0.882653061,Low change (0 - 0.25)
7060024580,34,1,0.82675,0.971428571,0.028571429,0.093877551,0.906122449,Low change (0 - 0.25)
7060024590,31,1,0.825,0.96875,0.03125,0.102678571,0.897321429,Low change (0 - 0.25)
7060024600,29,1,0.8,0.966666667,0.033333333,0.10952381,0.89047619,Low change (0 - 0.25)
7060024610,31,1,0.80475,0.96875,0.03125,0.102678571,0.897321429,Low change (0 - 0.25)
7060024620,29,1,0.79325,0.966666667,0.033333333,0.10952381,0.89047619,Low change (0 - 0.25)
7060024660,33,1,0.81425,0.970588235,0.029411765,0.096638655,0.903361345,Low change (0 - 0.25)
7060024680,38,1,0.81725,0.974358974,0.025641026,0.084249084,0.915750916,Low change (0 - 0.25)
7060024690,29,1,0.82025,0.966666667,0.033333333,0.10952381,0.89047619,Low change (0 - 0.25)
7060024730,30,1,0.812,0.967741935,0.032258065,0.105990783,0.894009217,Low change (0 - 0.25)
7060024740,30,1,0.80975,0.967741935,0.032258065,0.105990783,0.894009217,Low change (0 - 0.25)
7060024830,30,0,1,1,0,0,1,No change (0)
7060024840,30,0,1,1,0,0,1,No change (0)
7060024890,29,0,1,1,0,0,1,No change (0)
7060024900,30,0,1,1,0,0,1,No change (0)
7060025090,29,0,1,1,0,0,1,No change (0)
7060025100,28,0,1,1,0,0,1,No change (0)
7060025560,27,0,1,1,0,0,1,No change (0)
7060025570,26,0,1,1,0,0,1,No change (0)
7060025860,16,0,1,1,0,0,1,No change (0)
7060025870,16,0,1,1,0,0,1,No change (0)
7060026040,16,0,1,1,0,0,1,No change (0)
7060026050,16,0,1,1,0,0,1,No change (0)
7060026200,16,0,1,1,0,0,1,No change (0)
7060026210,14,0,1,1,0,0,1,No change (0)
7060026360,14,0,1,1,0,0,1,No change (0)
7060026370,14,0,1,1,0,0,1,No change (0)
7060026460,14,0,1,1,0,0,1,No change (0)
7060026470,13,0,1,1,0,0,1,No change (0)
7060026580,13,0,1,1,0,0,1,No change (0)
7060026590,12,0,1,1,0,0,1,No change (0)
7060026650,12,0,1,1,0,0,1,No change (0)
7060026660,12,0,1,1,0,0,1,No change (0)
7060026740,7,0,1,1,0,0,1,No change (0)
7060026750,6,0,1,1,0,0,1,No change (0)
7060026840,7,0,1,1,0,0,1,No change (0)
7060026850,8,0,1,1,0,0,1,No change (0)
7060027040,5,0,1,1,0,0,1,No change (0)
7060027050,4,0,1,1,0,0,1,No change (0)
7060027290,5,0,1,1,0,0,1,No change (0)
7060027300,4,0,1,1,0,0,1,No change (0)
7060027400,6,0,1,1,0,0,1,No change (0)
7060027410,4,0,1,1,0,0,1,No change (0)
7060027430,7,0,1,1,0,0,1,No change (0)
7060028070,7,0,1,1,0,0,1,No change (0)
7060028080,13,0,1,1,0,0,1,No change (0)
7060028410,17,0,1,1,0,0,1,No change (0)
7060028420,17,0,1,1,0,0,1,No change (0)
7060028670,16,0,1,1,0,0,1,No change (0)
7060028680,16,0,1,1,0,0,1,No change (0)
7060028740,17,0,1,1,0,0,1,No change (0)
7060028750,16,0,1,1,0,0,1,No change (0)
7060028790,17,0,1,1,0,0,1,No change (0)
7060028800,16,0,1,1,0,0,1,No change (0)
7060028840,16,0,1,1,0,0,1,No change (0)
7060028850,16,0,1,1,0,0,1,No change (0)
7060028900,16,0,1,1,0,0,1,No change (0)
7060028910,16,0,1,1,0,0,1,No change (0)
7060029000,16,0,1,1,0,0,1,No change (0)
7060029010,14,0,1,1,0,0,1,No change (0)
7060029460,7,0,1,1,0,0,1,No change (0)
7060030200,11,0,1,1,0,0,1,No change (0)
7060030210,11,0,1,1,0,0,1,No change (0)
7060030400,12,0,1,1,0,0,1,No change (0)
7060030410,11,0,1,1,0,0,1,No change (0)
7060030440,12,0,1,1,0,0,1,No change (0)
7060030450,12,0,1,1,0,0,1,No change (0)
7060030510,12,0,1,1,0,0,1,No change (0)
7060030520,12,0,1,1,0,0,1,No change (0)
7060030610,16,0,1,1,0,0,1,No change (0)
7060030620,11,0,1,1,0,0,1,No change (0)
7060030660,13,0,1,1,0,0,1,No change (0)
7060030670,12,0,1,1,0,0,1,No change (0)
7060030870,16,0,1,1,0,0,1,No change (0)
7060030880,12,0,1,1,0,0,1,No change (0)
7060030940,16,0,1,1,0,0,1,No change (0)
7060030950,17,0,1,1,0,0,1,No change (0)
7060031660,18,0,1,1,0,0,1,No change (0)
7060031670,18,0,1,1,0,0,1,No change (0)
7060031710,17,0,1,1,0,0,1,No change (0)
7060031720,18,0,1,1,0,0,1,No change (0)
7060032050,11,0,1,1,0,0,1,No change (0)
7060032060,10,0,1,1,0,0,1,No change (0)
7060032070,10,0,1,1,0,0,1,No change (0)
7060032080,10,0,1,1,0,0,1,No change (0)
7060032690,12,0,1,1,0,0,1,No change (0)
7060032700,12,0,1,1,0,0,1,No change (0)
7060032800,11,0,1,1,0,0,1,No change (0)
7060032810,14,0,1,1,0,0,1,No change (0)
7060032940,17,0,1,1,0,0,1,No change (0)
7060032950,12,0,1,1,0,0,1,No change (0)
7060033110,17,0,1,1,0,0,1,No change (0)
7060033120,13,0,1,1,0,0,1,No change (0)
7060033180,17,0,1,1,0,0,1,No change (0)
7060033190,14,0,1,1,0,0,1,No change (0)
7060033390,18,0,1,1,0,0,1,No change (0)
7060033400,18,0,1,1,0,0,1,No change (0)
7060033440,19,0,1,1,0,0,1,No change (0)
7060033450,16,0,1,1,0,0,1,No change (0)
7060033460,19,0,1,1,0,0,1,No change (0)
7060033470,16,0,1,1,0,0,1,No change (0)
7060033480,19,0,1,1,0,0,1,No change (0)
7060033690,19,0,1,1,0,0,1,No change (0)
7060033700,20,0,1,1,0,0,1,No change (0)
7060034000,19,0,1,1,0,0,1,No change (0)
7060034010,23,0,1,1,0,0,1,No change (0)
7060034100,23,0,1,1,0,0,1,No change (0)
7060034110,25,0,1,1,0,0,1,No change (0)
7060034330,32,0,1,1,0,0,1,No change (0)
7060034340,60,3,0.586,0.952380952,0.047619048,0.156462585,0.843537415,Low change (0 - 0.25)
7060034520,87,7,0.4125,0.925531915,0.074468085,0.244680851,0.755319149,Low change (0 - 0.25)
7060034530,74,5,0.484,0.936708861,0.063291139,0.2079566,0.7920434,Low change (0 - 0.25)
7060034570,58,2,0.80275,0.966666667,0.033333333,0.10952381,0.89047619,Low change (0 - 0.25)
7060034580,46,1,0.79975,0.978723404,0.021276596,0.069908815,0.930091185,Low change (0 - 0.25)
7060034790,32,0,1,1,0,0,1,No change (0)
7060034800,31,0,1,1,0,0,1,No change (0)
7060034860,27,1,0.77975,0.964285714,0.035714286,0.117346939,0.882653061,Low change (0 - 0.25)
7060034870,28,2,0.46675,0.933333333,0.066666667,0.219047619,0.780952381,Low change (0 - 0.25)
7060035320,20,1,0.58175,0.952380952,0.047619048,0.156462585,0.843537415,Low change (0 - 0.25)
7060035330,20,1,0.5535,0.952380952,0.047619048,0.156462585,0.843537415,Low change (0 - 0.25)
7060035360,19,1,0.5535,0.95,0.05,0.164285714,0.835714286,Low change (0 - 0.25)
7060035370,24,1,0.69275,0.96,0.04,0.131428571,0.868571429,Low change (0 - 0.25)
7060035470,35,3,0.3505,0.921052632,0.078947368,0.259398496,0.740601504,Low change (0 - 0.25)
7060035480,33,3,0.34125,0.916666667,0.083333333,0.273809524,0.726190476,Low change (0 - 0.25)
7060035860,37,4,0.22825,0.902439024,0.097560976,0.320557491,0.679442509,Moderate change (0.25 - 0.5)
7060035870,35,4,0.21575,0.897435897,0.102564103,0.336996337,0.663003663,Moderate change (0.25 - 0.5)
7060037340,21,1,0.61575,0.954545455,0.045454545,0.149350649,0.850649351,Low change (0 - 0.25)
7060037350,26,2,0.43875,0.928571429,0.071428571,0.234693878,0.765306122,Low change (0 - 0.25)
7060037690,24,1,0.7105,0.96,0.04,0.131428571,0.868571429,Low change (0 - 0.25)
7060037700,28,2,0.46975,0.933333333,0.066666667,0.219047619,0.780952381,Low change (0 - 0.25)
7060037890,26,2,0.45225,0.928571429,0.071428571,0.234693878,0.765306122,Low change (0 - 0.25)
7060037900,30,4,0.13775,0.882352941,0.117647059,0.386554622,0.613445378,Moderate change (0.25 - 0.5)
7060038180,29,3,0.26825,0.90625,0.09375,0.308035714,0.691964286,Moderate change (0.25 - 0.5)
7060038190,42,2,0.6155,0.954545455,0.045454545,0.149350649,0.850649351,Low change (0 - 0.25)
7060038320,42,3,0.47025,0.933333333,0.066666667,0.219047619,0.780952381,Low change (0 - 0.25)
7060038330,41,3,0.46525,0.931818182,0.068181818,0.224025974,0.775974026,Low change (0 - 0.25)
7060038340,41,3,0.44825,0.931818182,0.068181818,0.224025974,0.775974026,Low change (0 - 0.25)
7060038810,5,0,1,1,0,0,1,No change (0)
7060038980,5,1,0.03275,0.833333333,0.166666667,0.547619048,0.452380952,Moderate change (0.25 - 0.5)
7060039620,5,1,0.0335,0.833333333,0.166666667,0.547619048,0.452380952,Moderate change (0.25 - 0.5)
7060055790,18,7,0.00075,0.72,0.28,0.92,0.08,Very high change (> 0.75)
7060055920,18,6,0.00175,0.75,0.25,0.821428571,0.178571429,High change (0.5 - 0.75)
7060055930,19,6,0.0025,0.76,0.24,0.788571429,0.211428571,High change (0.5 - 0.75)
7060056620,18,3,0.07575,0.857142857,0.142857143,0.469387755,0.530612245,Moderate change (0.25 - 0.5)
7060056630,18,3,0.06875,0.857142857,0.142857143,0.469387755,0.530612245,Moderate change (0.25 - 0.5)
7060056700,19,4,0.02525,0.826086957,0.173913043,0.571428571,0.428571429,Moderate change (0.25 - 0.5)
7060056710,18,4,0.02175,0.818181818,0.181818182,0.597402597,0.402597403,Moderate change (0.25 - 0.5)
7060056760,18,3,0.07675,0.857142857,0.142857143,0.469387755,0.530612245,Moderate change (0.25 - 0.5)
7060056770,20,7,0.00175,0.740740741,0.259259259,0.851851852,0.148148148,High change (0.5 - 0.75)
7060057190,19,2,0.25475,0.904761905,0.095238095,0.31292517,0.68707483,Moderate change (0.25 - 0.5)
7060057510,16,1,0.48925,0.941176471,0.058823529,0.193277311,0.806722689,Low change (0 - 0.25)
7060059430,5,0,1,1,0,0,1,No change (0)
7060059690,8,0,1,1,0,0,1,No change (0)
7060059780,5,0,1,1,0,0,1,No change (0)
7060059960,3,0,1,1,0,0,1,No change (0)
7060059990,12,0,1,1,0,0,1,No change (0)
7060060310,12,0,1,1,0,0,1,No change (0)
7060060320,12,0,1,1,0,0,1,No change (0)
7060061510,12,0,1,1,0,0,1,No change (0)
7060061520,9,0,1,1,0,0,1,No change (0)
7060061620,9,0,1,1,0,0,1,No change (0)
7060061630,9,0,1,1,0,0,1,No change (0)
7060061820,9,0,1,1,0,0,1,No change (0)
7060061830,10,0,1,1,0,0,1,No change (0)
7060061870,12,0,1,1,0,0,1,No change (0)
7060061880,12,1,0.39975,0.923076923,0.076923077,0.252747253,0.747252747,Low change (0 - 0.25)
7060062870,12,0,1,1,0,0,1,No change (0)
7060062880,12,0,1,1,0,0,1,No change (0)
7060062930,12,0,1,1,0,0,1,No change (0)
7060062940,12,0,1,1,0,0,1,No change (0)
7060063050,12,0,1,1,0,0,1,No change (0)
7060063060,12,0,1,1,0,0,1,No change (0)
7060063420,11,1,0.342,0.916666667,0.083333333,0.273809524,0.726190476,Low change (0 - 0.25)
7060063860,24,2,0.4,0.923076923,0.076923077,0.252747253,0.747252747,Low change (0 - 0.25)
7060073760,16,7,0.00025,0.695652174,0.304347826,1,0,Very high change (> 0.75)
7060073860,26,5,0.0325,0.838709677,0.161290323,0.529953917,0.470046083,Moderate change (0.25 - 0.5)
7060073880,28,3,0.2325,0.903225806,0.096774194,0.31797235,0.68202765,Moderate change (0.25 - 0.5)
7060074540,29,5,0.06025,0.852941176,0.147058824,0.483193277,0.516806723,Moderate change (0.25 - 0.5)
7060074670,31,4,0.1685,0.885714286,0.114285714,0.375510204,0.624489796,Moderate change (0.25 - 0.5)
7060075500,27,3,0.223,0.9,0.1,0.328571429,0.671428571,Moderate change (0.25 - 0.5)
7060075830,27,2,0.4485,0.931034483,0.068965517,0.226600985,0.773399015,Low change (0 - 0.25)
7060076630,28,3,0.2345,0.903225806,0.096774194,0.31797235,0.68202765,Moderate change (0.25 - 0.5)
7060093370,7,0,1,1,0,0,1,No change (0)
7060093380,7,0,1,1,0,0,1,No change (0)
7060093620,7,0,1,1,0,0,1,No change (0)
7060093650,7,0,1,1,0,0,1,No change (0)
7060093830,7,0,1,1,0,0,1,No change (0)
7060093860,8,0,1,1,0,0,1,No change (0)
7060096470,12,0,1,1,0,0,1,No change (0)
7060096520,12,0,1,1,0,0,1,No change (0)
7060099390,15,0,1,1,0,0,1,No change (0)
7060099500,15,0,1,1,0,0,1,No change (0)
7060100460,16,0,1,1,0,0,1,No change (0)
7060100540,14,0,1,1,0,0,1,No change (0)
7060102570,15,0,1,1,0,0,1,No change (0)
7060102690,15,0,1,1,0,0,1,No change (0)
7060105110,15,0,1,1,0,0,1,No change (0)
7060105150,15,0,1,1,0,0,1,No change (0)
7060106280,14,0,1,1,0,0,1,No change (0)
7060106320,15,0,1,1,0,0,1,No change (0)
7060107570,15,0,1,1,0,0,1,No change (0)
7060107620,16,0,1,1,0,0,1,No change (0)
7060108050,21,1,0.60975,0.954545455,0.045454545,0.149350649,0.850649351,Low change (0 - 0.25)
7060108080,19,0,1,1,0,0,1,No change (0)
7060108890,21,0,1,1,0,0,1,No change (0)
7060108930,26,0,1,1,0,0,1,No change (0)
7060108980,11,0,1,1,0,0,1,No change (0)
7060108990,14,0,1,1,0,0,1,No change (0)
7060109290,15,0,1,1,0,0,1,No change (0)
7060109330,15,0,1,1,0,0,1,No change (0)
7060111430,17,0,1,1,0,0,1,No change (0)
7060111530,14,0,1,1,0,0,1,No change (0)
7060112130,17,0,1,1,0,0,1,No change (0)
7060112210,18,0,1,1,0,0,1,No change (0)
7060112450,20,1,0.58425,0.952380952,0.047619048,0.156462585,0.843537415,Low change (0 - 0.25)
7060112520,26,2,0.45375,0.928571429,0.071428571,0.234693878,0.765306122,Low change (0 - 0.25)
7060113160,17,0,1,1,0,0,1,No change (0)
7060113180,21,0,1,1,0,0,1,No change (0)
7060113240,18,0,1,1,0,0,1,No change (0)
7060113260,28,0,1,1,0,0,1,No change (0)
7060114060,26,1,0.75625,0.962962963,0.037037037,0.121693122,0.878306878,Low change (0 - 0.25)
7060114090,25,2,0.42025,0.925925926,0.074074074,0.243386243,0.756613757,Low change (0 - 0.25)
7060114600,16,0,1,1,0,0,1,No change (0)
7060114610,15,0,1,1,0,0,1,No change (0)
7060114730,26,1,0.7545,0.962962963,0.037037037,0.121693122,0.878306878,Low change (0 - 0.25)
7060114740,27,1,0.779,0.964285714,0.035714286,0.117346939,0.882653061,Low change (0 - 0.25)
7060115800,17,0,1,1,0,0,1,No change (0)
7060115860,17,0,1,1,0,0,1,No change (0)
7060117980,26,0,1,1,0,0,1,No change (0)
7060118090,29,2,0.48575,0.935483871,0.064516129,0.211981567,0.788018433,Low change (0 - 0.25)
7060120870,16,0,1,1,0,0,1,No change (0)
7060120880,17,0,1,1,0,0,1,No change (0)
7060121090,15,0,1,1,0,0,1,No change (0)
7060121180,15,0,1,1,0,0,1,No change (0)
7060121810,25,1,0.73925,0.961538462,0.038461538,0.126373626,0.873626374,Low change (0 - 0.25)
7060121880,18,0,1,1,0,0,1,No change (0)
7060121890,16,0,1,1,0,0,1,No change (0)
7060121920,26,2,0.44,0.928571429,0.071428571,0.234693878,0.765306122,Low change (0 - 0.25)
7060123570,21,1,0.6075,0.954545455,0.045454545,0.149350649,0.850649351,Low change (0 - 0.25)
7060123580,20,1,0.5785,0.952380952,0.047619048,0.156462585,0.843537415,Low change (0 - 0.25)
7060123710,27,2,0.4645,0.931034483,0.068965517,0.226600985,0.773399015,Low change (0 - 0.25)
7060123800,25,2,0.4225,0.925925926,0.074074074,0.243386243,0.756613757,Low change (0 - 0.25)
7060129240,31,2,0.491,0.939393939,0.060606061,0.199134199,0.800865801,Low change (0 - 0.25)
7060129300,30,2,0.503,0.9375,0.0625,0.205357143,0.794642857,Low change (0 - 0.25)
7060130660,28,2,0.46225,0.933333333,0.066666667,0.219047619,0.780952381,Low change (0 - 0.25)
7060130730,28,3,0.231,0.903225806,0.096774194,0.31797235,0.68202765,Moderate change (0.25 - 0.5)
7060132870,34,5,0.10225,0.871794872,0.128205128,0.421245421,0.578754579,Moderate change (0.25 - 0.5)
7060132960,34,2,0.51275,0.944444444,0.055555556,0.182539683,0.817460317,Low change (0 - 0.25)
7060133910,32,2,0.48875,0.941176471,0.058823529,0.193277311,0.806722689,Low change (0 - 0.25)
7060133990,32,2,0.506,0.941176471,0.058823529,0.193277311,0.806722689,Low change (0 - 0.25)
7060134090,39,5,0.1595,0.886363636,0.113636364,0.373376623,0.626623377,Moderate change (0.25 - 0.5)
7060134100,39,5,0.155,0.886363636,0.113636364,0.373376623,0.626623377,Moderate change (0.25 - 0.5)
7060134420,29,0,1,1,0,0,1,No change (0)
7060134520,27,1,0.77375,0.964285714,0.035714286,0.117346939,0.882653061,Low change (0 - 0.25)
7060135250,29,3,0.26475,0.90625,0.09375,0.308035714,0.691964286,Moderate change (0.25 - 0.5)
7060135300,28,3,0.2375,0.903225806,0.096774194,0.31797235,0.68202765,Moderate change (0.25 - 0.5)
7060136230,26,1,0.7625,0.962962963,0.037037037,0.121693122,0.878306878,Low change (0 - 0.25)
7060136320,26,1,0.7595,0.962962963,0.037037037,0.121693122,0.878306878,Low change (0 - 0.25)
7060136810,16,0,1,1,0,0,1,No change (0)
7060136860,15,0,1,1,0,0,1,No change (0)
7060137410,31,1,0.8175,0.96875,0.03125,0.102678571,0.897321429,Low change (0 - 0.25)
7060137460,16,0,1,1,0,0,1,No change (0)
7060137470,16,0,1,1,0,0,1,No change (0)
7060137520,30,1,0.8125,0.967741935,0.032258065,0.105990783,0.894009217,Low change (0 - 0.25)
7060137570,27,1,0.776,0.964285714,0.035714286,0.117346939,0.882653061,Low change (0 - 0.25)
7060137710,28,3,0.239,0.903225806,0.096774194,0.31797235,0.68202765,Moderate change (0.25 - 0.5)
7060139360,27,3,0.22575,0.9,0.1,0.328571429,0.671428571,Moderate change (0.25 - 0.5)
7060139370,28,3,0.2375,0.903225806,0.096774194,0.31797235,0.68202765,Moderate change (0.25 - 0.5)
7060140020,27,3,0.22625,0.9,0.1,0.328571429,0.671428571,Moderate change (0.25 - 0.5)
7060140080,27,4,0.1115,0.870967742,0.129032258,0.423963134,0.576036866,Moderate change (0.25 - 0.5)
7060140470,23,0,1,1,0,0,1,No change (0)
7060140620,25,0,1,1,0,0,1,No change (0)
7060142610,29,3,0.25975,0.90625,0.09375,0.308035714,0.691964286,Moderate change (0.25 - 0.5)
7060142810,31,5,0.08025,0.861111111,0.138888889,0.456349206,0.543650794,Moderate change (0.25 - 0.5)
7060143720,15,0,1,1,0,0,1,No change (0)
7060143810,15,0,1,1,0,0,1,No change (0)
7060144640,28,2,0.462,0.933333333,0.066666667,0.219047619,0.780952381,Low change (0 - 0.25)
7060144740,28,4,0.12425,0.875,0.125,0.410714286,0.589285714,Moderate change (0.25 - 0.5)
7060145540,27,4,0.10925,0.870967742,0.129032258,0.423963134,0.576036866,Moderate change (0.25 - 0.5)
7060145630,29,4,0.1225,0.878787879,0.121212121,0.398268398,0.601731602,Moderate change (0.25 - 0.5)
7060146310,24,1,0.721,0.96,0.04,0.131428571,0.868571429,Low change (0 - 0.25)
7060146370,29,1,0.79675,0.966666667,0.033333333,0.10952381,0.89047619,Low change (0 - 0.25)
7060146980,30,1,0.80225,0.967741935,0.032258065,0.105990783,0.894009217,Low change (0 - 0.25)
7060147110,15,0,1,1,0,0,1,No change (0)
7060147190,31,1,0.81925,0.96875,0.03125,0.102678571,0.897321429,Low change (0 - 0.25)
7060147220,15,0,1,1,0,0,1,No change (0)
7060148370,22,0,1,1,0,0,1,No change (0)
7060148380,27,0,1,1,0,0,1,No change (0)
7060148740,15,0,1,1,0,0,1,No change (0)
7060148930,15,0,1,1,0,0,1,No change (0)
7060149790,26,1,0.76875,0.962962963,0.037037037,0.121693122,0.878306878,Low change (0 - 0.25)
7060150030,25,1,0.7245,0.961538462,0.038461538,0.126373626,0.873626374,Low change (0 - 0.25)
7060150240,15,0,1,1,0,0,1,No change (0)
7060150330,15,0,1,1,0,0,1,No change (0)
7060151610,32,1,0.823,0.96969697,0.03030303,0.0995671,0.9004329,Low change (0 - 0.25)
7060151690,32,1,0.807,0.96969697,0.03030303,0.0995671,0.9004329,Low change (0 - 0.25)
7060152640,26,1,0.758,0.962962963,0.037037037,0.121693122,0.878306878,Low change (0 - 0.25)
7060152650,25,1,0.73175,0.961538462,0.038461538,0.126373626,0.873626374,Low change (0 - 0.25)
7060154870,15,0,1,1,0,0,1,No change (0)
7060155100,17,0,1,1,0,0,1,No change (0)
7060156430,18,0,1,1,0,0,1,No change (0)
7060156440,15,0,1,1,0,0,1,No change (0)
7060157540,39,3,0.4635,0.928571429,0.071428571,0.234693878,0.765306122,Low change (0 - 0.25)
7060157640,29,0,1,1,0,0,1,No change (0)
7060159850,50,8,0.07625,0.862068966,0.137931034,0.45320197,0.54679803,Moderate change (0.25 - 0.5)
7060159950,43,5,0.202,0.895833333,0.104166667,0.342261905,0.657738095,Moderate change (0.25 - 0.5)
7060161120,28,3,0.2305,0.903225806,0.096774194,0.31797235,0.68202765,Moderate change (0.25 - 0.5)
7060161180,27,4,0.10375,0.870967742,0.129032258,0.423963134,0.576036866,Moderate change (0.25 - 0.5)
7060161960,40,3,0.44375,0.930232558,0.069767442,0.22923588,0.77076412,Low change (0 - 0.25)
7060162040,41,3,0.466,0.931818182,0.068181818,0.224025974,0.775974026,Low change (0 - 0.25)
7060162570,22,0,1,1,0,0,1,No change (0)
7060162660,25,0,1,1,0,0,1,No change (0)
7060163080,22,0,1,1,0,0,1,No change (0)
7060163190,24,0,1,1,0,0,1,No change (0)
7060163620,31,0,1,1,0,0,1,No change (0)
7060163780,31,0,1,1,0,0,1,No change (0)
7060165930,34,4,0.212,0.894736842,0.105263158,0.345864662,0.654135338,Moderate change (0.25 - 0.5)
7060166020,25,4,0.069,0.862068966,0.137931034,0.45320197,0.54679803,Moderate change (0.25 - 0.5)
7060166730,26,3,0.21725,0.896551724,0.103448276,0.339901478,0.660098522,Moderate change (0.25 - 0.5)
7060166920,34,2,0.51475,0.944444444,0.055555556,0.182539683,0.817460317,Low change (0 - 0.25)
7060168780,29,1,0.80625,0.966666667,0.033333333,0.10952381,0.89047619,Low change (0 - 0.25)
7060168790,24,1,0.6975,0.96,0.04,0.131428571,0.868571429,Low change (0 - 0.25)
7060168960,27,4,0.1095,0.870967742,0.129032258,0.423963134,0.576036866,Moderate change (0.25 - 0.5)
7060169010,32,4,0.176,0.888888889,0.111111111,0.365079365,0.634920635,Moderate change (0.25 - 0.5)
7060170140,25,4,0.076,0.862068966,0.137931034,0.45320197,0.54679803,Moderate change (0.25 - 0.5)
7060170490,32,3,0.31525,0.914285714,0.085714286,0.281632653,0.718367347,Low change (0 - 0.25)
7060171020,41,3,0.47225,0.931818182,0.068181818,0.224025974,0.775974026,Low change (0 - 0.25)
7060171100,32,1,0.81225,0.96969697,0.03030303,0.0995671,0.9004329,Low change (0 - 0.25)
7060171730,22,3,0.14625,0.88,0.12,0.394285714,0.605714286,Moderate change (0.25 - 0.5)
7060171990,21,1,0.60325,0.954545455,0.045454545,0.149350649,0.850649351,Low change (0 - 0.25)
7060173970,28,2,0.469,0.933333333,0.066666667,0.219047619,0.780952381,Low change (0 - 0.25)
7060174100,25,0,1,1,0,0,1,No change (0)
7060174110,23,1,0.661,0.958333333,0.041666667,0.136904762,0.863095238,Low change (0 - 0.25)
7060174230,23,0,1,1,0,0,1,No change (0)
7060174580,26,2,0.4415,0.928571429,0.071428571,0.234693878,0.765306122,Low change (0 - 0.25)
7060174590,27,1,0.7835,0.964285714,0.035714286,0.117346939,0.882653061,Low change (0 - 0.25)
7060174770,21,3,0.1275,0.875,0.125,0.410714286,0.589285714,Moderate change (0.25 - 0.5)
7060174890,23,1,0.6685,0.958333333,0.041666667,0.136904762,0.863095238,Low change (0 - 0.25)
7060175260,30,1,0.8185,0.967741935,0.032258065,0.105990783,0.894009217,Low change (0 - 0.25)
7060175330,33,1,0.82075,0.970588235,0.029411765,0.096638655,0.903361345,Low change (0 - 0.25)
7060176340,26,1,0.75375,0.962962963,0.037037037,0.121693122,0.878306878,Low change (0 - 0.25)
7060176450,24,1,0.715,0.96,0.04,0.131428571,0.868571429,Low change (0 - 0.25)
7060177090,35,5,0.12025,0.875,0.125,0.410714286,0.589285714,Moderate change (0.25 - 0.5)
7060177100,36,5,0.1285,0.87804878,0.12195122,0.400696864,0.599303136,Moderate change (0.25 - 0.5)
7060177760,27,2,0.45075,0.931034483,0.068965517,0.226600985,0.773399015,Low change (0 - 0.25)
7060177910,27,1,0.79225,0.964285714,0.035714286,0.117346939,0.882653061,Low change (0 - 0.25)
7060178270,16,0,1,1,0,0,1,No change (0)
7060178410,17,0,1,1,0,0,1,No change (0)
7060178710,24,1,0.707,0.96,0.04,0.131428571,0.868571429,Low change (0 - 0.25)
7060178720,25,1,0.72425,0.961538462,0.038461538,0.126373626,0.873626374,Low change (0 - 0.25)
7060179010,17,0,1,1,0,0,1,No change (0)
7060179020,16,0,1,1,0,0,1,No change (0)
7060179080,35,4,0.2095,0.897435897,0.102564103,0.336996337,0.663003663,Moderate change (0.25 - 0.5)
7060179090,34,5,0.10375,0.871794872,0.128205128,0.421245421,0.578754579,Moderate change (0.25 - 0.5)
7060179770,35,3,0.36225,0.921052632,0.078947368,0.259398496,0.740601504,Low change (0 - 0.25)
7060179920,35,5,0.13175,0.875,0.125,0.410714286,0.589285714,Moderate change (0.25 - 0.5)
7060184050,20,0,1,1,0,0,1,No change (0)
7060184130,19,0,1,1,0,0,1,No change (0)
7060184430,32,6,0.0455,0.842105263,0.157894737,0.518796992,0.481203008,Moderate change (0.25 - 0.5)
7060184500,20,0,1,1,0,0,1,No change (0)
7060184580,30,3,0.2845,0.909090909,0.090909091,0.298701299,0.701298701,Low change (0 - 0.25)
7060184650,20,0,1,1,0,0,1,No change (0)
7060185140,19,0,1,1,0,0,1,No change (0)
7060185280,26,0,1,1,0,0,1,No change (0)
7060187840,16,0,1,1,0,0,1,No change (0)
7060187940,17,0,1,1,0,0,1,No change (0)
7060190090,21,0,1,1,0,0,1,No change (0)
7060190200,20,0,1,1,0,0,1,No change (0)
7060191640,33,1,0.81225,0.970588235,0.029411765,0.096638655,0.903361345,Low change (0 - 0.25)
7060191700,33,1,0.8125,0.970588235,0.029411765,0.096638655,0.903361345,Low change (0 - 0.25)
7060192420,49,8,0.07025,0.859649123,0.140350877,0.461152882,0.538847118,Moderate change (0.25 - 0.5)
7060192440,50,7,0.12575,0.877192982,0.122807018,0.403508772,0.596491228,Moderate change (0.25 - 0.5)
7060192560,48,9,0.0435,0.842105263,0.157894737,0.518796992,0.481203008,Moderate change (0.25 - 0.5)
7060192750,27,1,0.77175,0.964285714,0.035714286,0.117346939,0.882653061,Low change (0 - 0.25)
7060192810,38,4,0.2455,0.904761905,0.095238095,0.31292517,0.68707483,Moderate change (0.25 - 0.5)
7060192820,40,6,0.104,0.869565217,0.130434783,0.428571429,0.571428571,Moderate change (0.25 - 0.5)
7060192890,24,1,0.70125,0.96,0.04,0.131428571,0.868571429,Low change (0 - 0.25)
7060194860,31,6,0.0325,0.837837838,0.162162162,0.532818533,0.467181467,Moderate change (0.25 - 0.5)
7060194980,31,5,0.068,0.861111111,0.138888889,0.456349206,0.543650794,Moderate change (0.25 - 0.5)
7060195540,16,0,1,1,0,0,1,No change (0)
7060195660,15,0,1,1,0,0,1,No change (0)
7060197200,24,1,0.698,0.96,0.04,0.131428571,0.868571429,Low change (0 - 0.25)
7060197330,31,2,0.4825,0.939393939,0.060606061,0.199134199,0.800865801,Low change (0 - 0.25)
7060197970,15,0,1,1,0,0,1,No change (0)
7060198080,16,0,1,1,0,0,1,No change (0)
7060199390,42,5,0.18925,0.893617021,0.106382979,0.349544073,0.650455927,Moderate change (0.25 - 0.5)
7060199540,38,4,0.25625,0.904761905,0.095238095,0.31292517,0.68707483,Moderate change (0.25 - 0.5)
7060199890,23,1,0.67025,0.958333333,0.041666667,0.136904762,0.863095238,Low change (0 - 0.25)
7060200040,23,1,0.67325,0.958333333,0.041666667,0.136904762,0.863095238,Low change (0 - 0.25)
7060201280,42,5,0.1895,0.893617021,0.106382979,0.349544073,0.650455927,Moderate change (0.25 - 0.5)
7060201290,41,6,0.10175,0.872340426,0.127659574,0.419452888,0.580547112,Moderate change (0.25 - 0.5)
7060202930,27,3,0.2295,0.9,0.1,0.328571429,0.671428571,Moderate change (0.25 - 0.5)
7060203140,23,3,0.167,0.884615385,0.115384615,0.379120879,0.620879121,Moderate change (0.25 - 0.5)
7060206680,49,10,0.02625,0.830508475,0.169491525,0.556900726,0.443099274,Moderate change (0.25 - 0.5)
7060206690,50,7,0.1275,0.877192982,0.122807018,0.403508772,0.596491228,Moderate change (0.25 - 0.5)
7060208410,30,4,0.1405,0.882352941,0.117647059,0.386554622,0.613445378,Moderate change (0.25 - 0.5)
7060208540,30,4,0.1535,0.882352941,0.117647059,0.386554622,0.613445378,Moderate change (0.25 - 0.5)
7060212920,29,4,0.12425,0.878787879,0.121212121,0.398268398,0.601731602,Moderate change (0.25 - 0.5)
7060213040,29,3,0.25925,0.90625,0.09375,0.308035714,0.691964286,Moderate change (0.25 - 0.5)
7060214090,51,7,0.11825,0.879310345,0.120689655,0.396551724,0.603448276,Moderate change (0.25 - 0.5)
7060217780,29,5,0.05825,0.852941176,0.147058824,0.483193277,0.516806723,Moderate change (0.25 - 0.5)
7060217900,27,3,0.23775,0.9,0.1,0.328571429,0.671428571,Moderate change (0.25 - 0.5)
7060219980,53,7,0.14975,0.883333333,0.116666667,0.383333333,0.616666667,Moderate change (0.25 - 0.5)
7060220090,52,7,0.134,0.881355932,0.118644068,0.389830508,0.610169492,Moderate change (0.25 - 0.5)
7060220180,26,1,0.76875,0.962962963,0.037037037,0.121693122,0.878306878,Low change (0 - 0.25)
7060220300,27,1,0.7655,0.964285714,0.035714286,0.117346939,0.882653061,Low change (0 - 0.25)
7060220600,27,0,1,1,0,0,1,No change (0)
7060220780,27,0,1,1,0,0,1,No change (0)
7060220950,25,0,1,1,0,0,1,No change (0)
7060221070,26,0,1,1,0,0,1,No change (0)
7060222910,31,1,0.81425,0.96875,0.03125,0.102678571,0.897321429,Low change (0 - 0.25)
7060223010,33,1,0.818,0.970588235,0.029411765,0.096638655,0.903361345,Low change (0 - 0.25)
7060223370,20,3,0.106,0.869565217,0.130434783,0.428571429,0.571428571,Moderate change (0.25 - 0.5)
7060223480,17,3,0.0525,0.85,0.15,0.492857143,0.507142857,Moderate change (0.25 - 0.5)
7060224340,52,7,0.139,0.881355932,0.118644068,0.389830508,0.610169492,Moderate change (0.25 - 0.5)
7060224350,52,7,0.138,0.881355932,0.118644068,0.389830508,0.610169492,Moderate change (0.25 - 0.5)
7060224620,23,4,0.061,0.851851852,0.148148148,0.486772487,0.513227513,Moderate change (0.25 - 0.5)
7060224630,26,4,0.088,0.866666667,0.133333333,0.438095238,0.561904762,Moderate change (0.25 - 0.5)
7060224740,22,4,0.05025,0.846153846,0.153846154,0.505494505,0.494505495,Moderate change (0.25 - 0.5)
7060224750,25,3,0.19425,0.892857143,0.107142857,0.352040816,0.647959184,Moderate change (0.25 - 0.5)
7060226990,29,4,0.12,0.878787879,0.121212121,0.398268398,0.601731602,Moderate change (0.25 - 0.5)
7060227100,30,3,0.28375,0.909090909,0.090909091,0.298701299,0.701298701,Low change (0 - 0.25)
7060227150,25,0,1,1,0,0,1,No change (0)
7060227160,22,0,1,1,0,0,1,No change (0)
7060228380,24,0,1,1,0,0,1,No change (0)
7060228720,25,0,1,1,0,0,1,No change (0)
7060230950,59,8,0.14125,0.880597015,0.119402985,0.392324094,0.607675906,Moderate change (0.25 - 0.5)
7060231030,60,8,0.13825,0.882352941,0.117647059,0.386554622,0.613445378,Moderate change (0.25 - 0.5)
7060233240,32,1,0.81925,0.96969697,0.03030303,0.0995671,0.9004329,Low change (0 - 0.25)
7060233450,36,1,0.81975,0.972972973,0.027027027,0.088803089,0.911196911,Low change (0 - 0.25)
7060234040,24,2,0.39525,0.923076923,0.076923077,0.252747253,0.747252747,Low change (0 - 0.25)
7060234050,28,3,0.24175,0.903225806,0.096774194,0.31797235,0.68202765,Moderate change (0.25 - 0.5)
7060234190,21,4,0.03775,0.84,0.16,0.525714286,0.474285714,Moderate change (0.25 - 0.5)
7060234330,18,3,0.07375,0.857142857,0.142857143,0.469387755,0.530612245,Moderate change (0.25 - 0.5)
7060235410,44,8,0.053,0.846153846,0.153846154,0.505494505,0.494505495,Moderate change (0.25 - 0.5)
7060235660,40,12,0.0025,0.769230769,0.230769231,0.758241758,0.241758242,High change (0.5 - 0.75)
7060237270,32,2,0.50775,0.941176471,0.058823529,0.193277311,0.806722689,Low change (0 - 0.25)
7060237380,39,3,0.44625,0.928571429,0.071428571,0.234693878,0.765306122,Low change (0 - 0.25)
7060239430,17,0,1,1,0,0,1,No change (0)
7060239440,15,0,1,1,0,0,1,No change (0)
7060241270,24,1,0.711,0.96,0.04,0.131428571,0.868571429,Low change (0 - 0.25)
7060241310,27,1,0.7745,0.964285714,0.035714286,0.117346939,0.882653061,Low change (0 - 0.25)
7060242640,27,3,0.22025,0.9,0.1,0.328571429,0.671428571,Moderate change (0.25 - 0.5)
7060242880,27,4,0.1085,0.870967742,0.129032258,0.423963134,0.576036866,Moderate change (0.25 - 0.5)
7060243020,34,2,0.5125,0.944444444,0.055555556,0.182539683,0.817460317,Low change (0 - 0.25)
7060243120,33,2,0.504,0.942857143,0.057142857,0.187755102,0.812244898,Low change (0 - 0.25)
7060244230,26,0,1,1,0,0,1,No change (0)
7060244280,27,0,1,1,0,0,1,No change (0)
7060245300,24,0,1,1,0,0,1,No change (0)
7060245390,38,10,0.0055,0.791666667,0.208333333,0.68452381,0.31547619,High change (0.5 - 0.75)
7060245400,47,16,0.001,0.746031746,0.253968254,0.83446712,0.16553288,High change (0.5 - 0.75)
7060245440,35,1,0.81675,0.972222222,0.027777778,0.091269841,0.908730159,Low change (0 - 0.25)
7060245520,26,0,1,1,0,0,1,No change (0)
7060245620,38,0,1,1,0,0,1,No change (0)
7060245930,18,3,0.06975,0.857142857,0.142857143,0.469387755,0.530612245,Moderate change (0.25 - 0.5)
7060246020,17,2,0.20475,0.894736842,0.105263158,0.345864662,0.654135338,Moderate change (0.25 - 0.5)
7060250850,36,1,0.82625,0.972972973,0.027027027,0.088803089,0.911196911,Low change (0 - 0.25)
7060250980,63,11,0.05025,0.851351351,0.148648649,0.488416988,0.511583012,Moderate change (0.25 - 0.5)
7060250990,68,10,0.1065,0.871794872,0.128205128,0.421245421,0.578754579,Moderate change (0.25 - 0.5)
7060251010,37,2,0.528,0.948717949,0.051282051,0.168498168,0.831501832,Low change (0 - 0.25)
7060251360,28,1,0.79125,0.965517241,0.034482759,0.113300493,0.886699507,Low change (0 - 0.25)
7060251370,27,1,0.77875,0.964285714,0.035714286,0.117346939,0.882653061,Low change (0 - 0.25)
7060252330,29,0,1,1,0,0,1,No change (0)
7060252360,16,0,1,1,0,0,1,No change (0)
7060252370,14,0,1,1,0,0,1,No change (0)
7060252480,29,0,1,1,0,0,1,No change (0)
7060252580,27,1,0.7935,0.964285714,0.035714286,0.117346939,0.882653061,Low change (0 - 0.25)
7060252700,44,3,0.48925,0.936170213,0.063829787,0.209726444,0.790273556,Low change (0 - 0.25)
7060253350,26,0,1,1,0,0,1,No change (0)
7060253490,25,0,1,1,0,0,1,No change (0)
7060254300,36,0,1,1,0,0,1,No change (0)
7060254310,41,2,0.58175,0.953488372,0.046511628,0.15282392,0.84717608,Low change (0 - 0.25)
7060255600,32,3,0.3145,0.914285714,0.085714286,0.281632653,0.718367347,Low change (0 - 0.25)
7060255780,29,1,0.80775,0.966666667,0.033333333,0.10952381,0.89047619,Low change (0 - 0.25)
7060256540,29,2,0.488,0.935483871,0.064516129,0.211981567,0.788018433,Low change (0 - 0.25)
7060256650,17,5,0.003,0.772727273,0.227272727,0.746753247,0.253246753,High change (0.5 - 0.75)
7060256690,27,7,0.0085,0.794117647,0.205882353,0.676470588,0.323529412,High change (0.5 - 0.75)
7060256760,26,0,1,1,0,0,1,No change (0)
7060256770,25,0,1,1,0,0,1,No change (0)
7060256810,17,3,0.0495,0.85,0.15,0.492857143,0.507142857,Moderate change (0.25 - 0.5)
7060257090,31,1,0.802,0.96875,0.03125,0.102678571,0.897321429,Low change (0 - 0.25)
7060257230,28,1,0.78375,0.965517241,0.034482759,0.113300493,0.886699507,Low change (0 - 0.25)
7060257320,25,2,0.428,0.925925926,0.074074074,0.243386243,0.756613757,Low change (0 - 0.25)
7060257410,24,8,0.0015,0.75,0.25,0.821428571,0.178571429,High change (0.5 - 0.75)
7060259190,28,2,0.4825,0.933333333,0.066666667,0.219047619,0.780952381,Low change (0 - 0.25)
7060259200,29,2,0.49225,0.935483871,0.064516129,0.211981567,0.788018433,Low change (0 - 0.25)
7060260000,28,3,0.2495,0.903225806,0.096774194,0.31797235,0.68202765,Moderate change (0.25 - 0.5)
7060260120,28,3,0.227,0.903225806,0.096774194,0.31797235,0.68202765,Moderate change (0.25 - 0.5)
7060261880,23,1,0.67375,0.958333333,0.041666667,0.136904762,0.863095238,Low change (0 - 0.25)
7060261890,26,3,0.22125,0.896551724,0.103448276,0.339901478,0.660098522,Moderate change (0.25 - 0.5)
7060262150,36,3,0.404,0.923076923,0.076923077,0.252747253,0.747252747,Low change (0 - 0.25)
7060262320,34,2,0.49675,0.944444444,0.055555556,0.182539683,0.817460317,Low change (0 - 0.25)
7060262850,26,4,0.0915,0.866666667,0.133333333,0.438095238,0.561904762,Moderate change (0.25 - 0.5)
7060263060,20,3,0.10825,0.869565217,0.130434783,0.428571429,0.571428571,Moderate change (0.25 - 0.5)
7060263190,26,1,0.74825,0.962962963,0.037037037,0.121693122,0.878306878,Low change (0 - 0.25)
7060263330,24,3,0.17875,0.888888889,0.111111111,0.365079365,0.634920635,Moderate change (0.25 - 0.5)
7060263820,28,4,0.118,0.875,0.125,0.410714286,0.589285714,Moderate change (0.25 - 0.5)
7060263970,26,5,0.03375,0.838709677,0.161290323,0.529953917,0.470046083,Moderate change (0.25 - 0.5)
7060264520,23,4,0.05975,0.851851852,0.148148148,0.486772487,0.513227513,Moderate change (0.25 - 0.5)
7060264650,20,3,0.10025,0.869565217,0.130434783,0.428571429,0.571428571,Moderate change (0.25 - 0.5)
7060269280,41,9,0.016,0.82,0.18,0.591428571,0.408571429,Moderate change (0.25 - 0.5)
7060269450,40,6,0.10125,0.869565217,0.130434783,0.428571429,0.571428571,Moderate change (0.25 - 0.5)
7060269780,23,2,0.375,0.92,0.08,0.262857143,0.737142857,Low change (0 - 0.25)
7060269970,24,7,0.0045,0.774193548,0.225806452,0.741935484,0.258064516,High change (0.5 - 0.75)
7060270660,33,3,0.33525,0.916666667,0.083333333,0.273809524,0.726190476,Low change (0 - 0.25)
7060270810,30,2,0.48975,0.9375,0.0625,0.205357143,0.794642857,Low change (0 - 0.25)
7060270960,34,2,0.49975,0.944444444,0.055555556,0.182539683,0.817460317,Low change (0 - 0.25)
7060271090,37,3,0.40775,0.925,0.075,0.246428571,0.753571429,Low change (0 - 0.25)
7060271320,16,0,1,1,0,0,1,No change (0)
7060271330,16,0,1,1,0,0,1,No change (0)
7060274850,28,3,0.23675,0.903225806,0.096774194,0.31797235,0.68202765,Moderate change (0.25 - 0.5)
7060274860,27,3,0.23625,0.9,0.1,0.328571429,0.671428571,Moderate change (0.25 - 0.5)
7060276840,54,6,0.2385,0.9,0.1,0.328571429,0.671428571,Moderate change (0.25 - 0.5)
7060277090,58,8,0.12825,0.878787879,0.121212121,0.398268398,0.601731602,Moderate change (0.25 - 0.5)
7060282720,33,4,0.1825,0.891891892,0.108108108,0.355212355,0.644787645,Moderate change (0.25 - 0.5)
7060282770,33,8,0.0095,0.804878049,0.195121951,0.641114983,0.358885017,High change (0.5 - 0.75)
7060284060,44,9,0.02925,0.830188679,0.169811321,0.557951482,0.442048518,Moderate change (0.25 - 0.5)
7060284070,51,13,0.0065,0.796875,0.203125,0.667410714,0.332589286,High change (0.5 - 0.75)
7060284140,47,9,0.03225,0.839285714,0.160714286,0.528061224,0.471938776,Moderate change (0.25 - 0.5)
7060284240,54,10,0.0435,0.84375,0.15625,0.513392857,0.486607143,Moderate change (0.25 - 0.5)
7060284340,29,0,1,1,0,0,1,No change (0)
7060284350,30,0,1,1,0,0,1,No change (0)
7060284470,36,2,0.53475,0.947368421,0.052631579,0.172932331,0.827067669,Low change (0 - 0.25)
7060284520,37,3,0.39825,0.925,0.075,0.246428571,0.753571429,Low change (0 - 0.25)
7060287970,39,2,0.52675,0.951219512,0.048780488,0.160278746,0.839721254,Low change (0 - 0.25)
7060287980,42,3,0.476,0.933333333,0.066666667,0.219047619,0.780952381,Low change (0 - 0.25)
7060288400,42,3,0.484,0.933333333,0.066666667,0.219047619,0.780952381,Low change (0 - 0.25)
7060288450,45,3,0.4885,0.9375,0.0625,0.205357143,0.794642857,Low change (0 - 0.25)
7060289200,45,12,0.00375,0.789473684,0.210526316,0.691729323,0.308270677,High change (0.5 - 0.75)
7060289500,40,6,0.1035,0.869565217,0.130434783,0.428571429,0.571428571,Moderate change (0.25 - 0.5)
7060289830,21,4,0.0405,0.84,0.16,0.525714286,0.474285714,Moderate change (0.25 - 0.5)
7060289980,20,8,0.00075,0.714285714,0.285714286,0.93877551,0.06122449,Very high change (> 0.75)
7060290130,18,6,0.00075,0.75,0.25,0.821428571,0.178571429,High change (0.5 - 0.75)
7060290340,19,8,0.0005,0.703703704,0.296296296,0.973544974,0.026455026,Very high change (> 0.75)
7060290680,39,7,0.0505,0.847826087,0.152173913,0.5,0.5,Moderate change (0.25 - 0.5)
7060290770,34,8,0.014,0.80952381,0.19047619,0.62585034,0.37414966,High change (0.5 - 0.75)
7060293370,22,0,1,1,0,0,1,No change (0)
7060293380,20,0,1,1,0,0,1,No change (0)
7060293450,45,3,0.47275,0.9375,0.0625,0.205357143,0.794642857,Low change (0 - 0.25)
7060293560,43,2,0.594,0.955555556,0.044444444,0.146031746,0.853968254,Low change (0 - 0.25)
7060293670,44,2,0.63475,0.956521739,0.043478261,0.142857143,0.857142857,Low change (0 - 0.25)
7060293910,19,0,1,1,0,0,1,No change (0)
7060293920,20,0,1,1,0,0,1,No change (0)
7060295390,28,0,1,1,0,0,1,No change (0)
7060295550,29,0,1,1,0,0,1,No change (0)
7060295790,25,5,0.03675,0.833333333,0.166666667,0.547619048,0.452380952,Moderate change (0.25 - 0.5)
7060295800,24,7,0.00325,0.774193548,0.225806452,0.741935484,0.258064516,High change (0.5 - 0.75)
7060298200,26,9,0.0005,0.742857143,0.257142857,0.844897959,0.155102041,High change (0.5 - 0.75)
7060298300,24,7,0.003,0.774193548,0.225806452,0.741935484,0.258064516,High change (0.5 - 0.75)
7060300250,25,3,0.18975,0.892857143,0.107142857,0.352040816,0.647959184,Moderate change (0.25 - 0.5)
7060300390,23,5,0.02225,0.821428571,0.178571429,0.586734694,0.413265306,Moderate change (0.25 - 0.5)
7060301180,17,6,0.001,0.739130435,0.260869565,0.857142857,0.142857143,High change (0.5 - 0.75)
7060301390,16,3,0.04375,0.842105263,0.157894737,0.518796992,0.481203008,Moderate change (0.25 - 0.5)
7060302030,53,9,0.05775,0.85483871,0.14516129,0.476958525,0.523041475,Moderate change (0.25 - 0.5)
7060302170,51,8,0.083,0.86440678,0.13559322,0.445520581,0.554479419,Moderate change (0.25 - 0.5)
7060305280,24,7,0.003,0.774193548,0.225806452,0.741935484,0.258064516,High change (0.5 - 0.75)
7060305410,24,7,0.00225,0.774193548,0.225806452,0.741935484,0.258064516,High change (0.5 - 0.75)
7060306430,36,9,0.009,0.8,0.2,0.657142857,0.342857143,High change (0.5 - 0.75)
7060314300,26,3,0.21075,0.896551724,0.103448276,0.339901478,0.660098522,Moderate change (0.25 - 0.5)
7060314420,28,0,1,1,0,0,1,No change (0)
7060314550,28,0,1,1,0,0,1,No change (0)
7060314650,31,0,1,1,0,0,1,No change (0)
7060314820,55,6,0.23325,0.901639344,0.098360656,0.323185012,0.676814988,Moderate change (0.25 - 0.5)
7060314930,51,6,0.19075,0.894736842,0.105263158,0.345864662,0.654135338,Moderate change (0.25 - 0.5)
7060316050,26,6,0.013,0.8125,0.1875,0.616071429,0.383928571,High change (0.5 - 0.75)
7060316210,24,3,0.18175,0.888888889,0.111111111,0.365079365,0.634920635,Moderate change (0.25 - 0.5)
7060317700,57,6,0.24625,0.904761905,0.095238095,0.31292517,0.68707483,Moderate change (0.25 - 0.5)
7060318020,55,6,0.23975,0.901639344,0.098360656,0.323185012,0.676814988,Moderate change (0.25 - 0.5)
7060319640,31,0,1,1,0,0,1,No change (0)
7060319800,29,0,1,1,0,0,1,No change (0)
7060320860,32,0,1,1,0,0,1,No change (0)
7060321100,30,0,1,1,0,0,1,No change (0)
7060327530,23,7,0.0025,0.766666667,0.233333333,0.766666667,0.233333333,High change (0.5 - 0.75)
7060328250,17,5,0.005,0.772727273,0.227272727,0.746753247,0.253246753,High change (0.5 - 0.75)
7060328380,14,6,0.00075,0.7,0.3,0.985714286,0.014285714,Very high change (> 0.75)
7060329370,28,10,0.00075,0.736842105,0.263157895,0.864661654,0.135338346,High change (0.5 - 0.75)
7060330450,22,9,0.0005,0.709677419,0.290322581,0.953917051,0.046082949,Very high change (> 0.75)
7060331850,48,13,0.00525,0.786885246,0.213114754,0.700234192,0.299765808,High change (0.5 - 0.75)
7060331860,43,12,0.0025,0.781818182,0.218181818,0.716883117,0.283116883,High change (0.5 - 0.75)
7060334070,37,0,1,1,0,0,1,No change (0)
7060334080,37,0,1,1,0,0,1,No change (0)
7060334580,25,0,1,1,0,0,1,No change (0)
7060334690,29,0,1,1,0,0,1,No change (0)
7060334780,27,9,0.001,0.75,0.25,0.821428571,0.178571429,High change (0.5 - 0.75)
7060335180,51,16,0.0015,0.76119403,0.23880597,0.784648188,0.215351812,High change (0.5 - 0.75)
7060337870,43,12,0.007,0.781818182,0.218181818,0.716883117,0.283116883,High change (0.5 - 0.75)
7060337970,47,13,0.00575,0.783333333,0.216666667,0.711904762,0.288095238,High change (0.5 - 0.75)
7060338230,27,0,1,1,0,0,1,No change (0)
7060338280,26,0,1,1,0,0,1,No change (0)
7060341150,27,0,1,1,0,0,1,No change (0)
7060341270,29,0,1,1,0,0,1,No change (0)
7060343060,43,2,0.60225,0.955555556,0.044444444,0.146031746,0.853968254,Low change (0 - 0.25)
7060343150,41,1,0.8155,0.976190476,0.023809524,0.078231293,0.921768707,Low change (0 - 0.25)
7060343590,45,12,0.00525,0.789473684,0.210526316,0.691729323,0.308270677,High change (0.5 - 0.75)
7060343600,45,12,0.00425,0.789473684,0.210526316,0.691729323,0.308270677,High change (0.5 - 0.75)
7060343930,43,2,0.6115,0.955555556,0.044444444,0.146031746,0.853968254,Low change (0 - 0.25)
7060343940,43,2,0.61175,0.955555556,0.044444444,0.146031746,0.853968254,Low change (0 - 0.25)
7060343960,26,0,1,1,0,0,1,No change (0)
7060344050,30,0,1,1,0,0,1,No change (0)
7060345050,44,12,0.005,0.785714286,0.214285714,0.704081633,0.295918367,High change (0.5 - 0.75)
7060347220,44,12,0.00575,0.785714286,0.214285714,0.704081633,0.295918367,High change (0.5 - 0.75)
7060348000,14,3,0.01975,0.823529412,0.176470588,0.579831933,0.420168067,Moderate change (0.25 - 0.5)
7060354130,50,4,0.41725,0.925925926,0.074074074,0.243386243,0.756613757,Low change (0 - 0.25)
7060354140,45,2,0.637,0.957446809,0.042553191,0.139817629,0.860182371,Low change (0 - 0.25)
7060355150,41,1,0.819,0.976190476,0.023809524,0.078231293,0.921768707,Low change (0 - 0.25)
7060356130,45,1,0.8245,0.97826087,0.02173913,0.071428571,0.928571429,Low change (0 - 0.25)
7060356140,45,2,0.64475,0.957446809,0.042553191,0.139817629,0.860182371,Low change (0 - 0.25)
7060358930,47,13,0.0055,0.783333333,0.216666667,0.711904762,0.288095238,High change (0.5 - 0.75)
7060359070,44,12,0.0035,0.785714286,0.214285714,0.704081633,0.295918367,High change (0.5 - 0.75)
7060360130,34,0,1,1,0,0,1,No change (0)
7060360220,49,1,0.82725,0.98,0.02,0.065714286,0.934285714,Low change (0 - 0.25)
7060363040,27,0,1,1,0,0,1,No change (0)
7060363050,33,2,0.49225,0.942857143,0.057142857,0.187755102,0.812244898,Low change (0 - 0.25)
7060363950,49,12,0.012,0.803278689,0.196721311,0.646370023,0.353629977,High change (0.5 - 0.75)
7060363960,52,13,0.01175,0.8,0.2,0.657142857,0.342857143,High change (0.5 - 0.75)
7060363990,28,1,0.7925,0.965517241,0.034482759,0.113300493,0.886699507,Low change (0 - 0.25)
7060364000,29,3,0.24825,0.90625,0.09375,0.308035714,0.691964286,Moderate change (0.25 - 0.5)
7060374800,72,4,0.539,0.947368421,0.052631579,0.172932331,0.827067669,Low change (0 - 0.25)
7060374950,87,8,0.3015,0.915789474,0.084210526,0.276691729,0.723308271,Low change (0 - 0.25)
7060377200,90,8,0.33375,0.918367347,0.081632653,0.268221574,0.731778426,Low change (0 - 0.25)
7060377320,84,5,0.50025,0.943820225,0.056179775,0.18459069,0.81540931,Low change (0 - 0.25)
7060378910,56,4,0.46225,0.933333333,0.066666667,0.219047619,0.780952381,Low change (0 - 0.25)
7060379040,57,4,0.48275,0.93442623,0.06557377,0.215456674,0.784543326,Low change (0 - 0.25)
7060380380,89,9,0.25075,0.908163265,0.091836735,0.301749271,0.698250729,Low change (0 - 0.25)
7060380530,87,6,0.402,0.925531915,0.074468085,0.244680851,0.755319149,Very high change (> 0.75)
7060382790,90,11,0.18325,0.891089109,0.108910891,0.357850071,0.642149929,Moderate change (0.25 - 0.5)
7060382860,89,8,0.33225,0.917525773,0.082474227,0.270986745,0.729013255,Low change (0 - 0.25)
7060383830,59,9,0.09025,0.867647059,0.132352941,0.43487395,0.56512605,Moderate change (0.25 - 0.5)
7060384130,61,8,0.1485,0.884057971,0.115942029,0.380952381,0.619047619,Moderate change (0.25 - 0.5)
7060386520,61,4,0.491,0.938461538,0.061538462,0.202197802,0.797802198,Low change (0 - 0.25)
7060386900,61,3,0.5765,0.953125,0.046875,0.154017857,0.845982143,Low change (0 - 0.25)
7060387450,62,2,0.82475,0.96875,0.03125,0.102678571,0.897321429,Low change (0 - 0.25)
7060387700,62,3,0.5655,0.953846154,0.046153846,0.151648352,0.848351648,Low change (0 - 0.25)
7060388530,61,2,0.8065,0.968253968,0.031746032,0.10430839,0.89569161,Low change (0 - 0.25)
7060388700,52,2,0.7655,0.962962963,0.037037037,0.121693122,0.878306878,Low change (0 - 0.25)
7060390740,41,2,0.5755,0.953488372,0.046511628,0.15282392,0.84717608,Low change (0 - 0.25)
7060390750,39,3,0.43825,0.928571429,0.071428571,0.234693878,0.765306122,Low change (0 - 0.25)
7060392520,68,14,0.02475,0.829268293,0.170731707,0.56097561,0.43902439,Moderate change (0.25 - 0.5)
7060393220,90,10,0.24575,0.9,0.1,0.328571429,0.671428571,Moderate change (0.25 - 0.5)
7060393390,87,10,0.21975,0.896907216,0.103092784,0.338733432,0.661266568,Moderate change (0.25 - 0.5)
7060396070,66,14,0.02075,0.825,0.175,0.575,0.425,Moderate change (0.25 - 0.5)
7060398520,69,2,0.80875,0.971830986,0.028169014,0.092555332,0.907444668,Low change (0 - 0.25)
7060398580,80,4,0.58,0.952380952,0.047619048,0.156462585,0.843537415,Low change (0 - 0.25)
7060399240,65,17,0.00725,0.792682927,0.207317073,0.681184669,0.318815331,High change (0.5 - 0.75)
7060399420,63,14,0.0225,0.818181818,0.181818182,0.597402597,0.402597403,Moderate change (0.25 - 0.5)
7060400520,68,4,0.50425,0.944444444,0.055555556,0.182539683,0.817460317,Low change (0 - 0.25)
7060400540,65,3,0.60675,0.955882353,0.044117647,0.144957983,0.855042017,Low change (0 - 0.25)
7060400650,62,15,0.009,0.805194805,0.194805195,0.640074212,0.359925788,High change (0.5 - 0.75)
7060400660,64,3,0.5975,0.955223881,0.044776119,0.147121535,0.852878465,Low change (0 - 0.25)
7060400750,82,15,0.04475,0.845360825,0.154639175,0.508100147,0.491899853,Moderate change (0.25 - 0.5)
7060400760,78,7,0.346,0.917647059,0.082352941,0.270588235,0.729411765,Low change (0 - 0.25)
7060402320,93,11,0.18475,0.894230769,0.105769231,0.347527473,0.652472527,Moderate change (0.25 - 0.5)
7060402430,90,13,0.111,0.873786408,0.126213592,0.414701803,0.585298197,Moderate change (0.25 - 0.5)
7060414850,63,14,0.01825,0.818181818,0.181818182,0.597402597,0.402597403,Moderate change (0.25 - 0.5)
7060419920,63,14,0.0145,0.818181818,0.181818182,0.597402597,0.402597403,Moderate change (0.25 - 0.5)
7060422540,71,15,0.02075,0.825581395,0.174418605,0.573089701,0.426910299,Moderate change (0.25 - 0.5)
7060422720,80,14,0.0515,0.85106383,0.14893617,0.489361702,0.510638298,Moderate change (0.25 - 0.5)
7060431350,86,15,0.055,0.851485149,0.148514851,0.487977369,0.512022631,Moderate change (0.25 - 0.5)
7060434140,90,14,0.09175,0.865384615,0.134615385,0.442307692,0.557692308,Moderate change (0.25 - 0.5)
7060434190,87,13,0.10475,0.87,0.13,0.427142857,0.572857143,Moderate change (0.25 - 0.5)
7060439770,86,11,0.16175,0.886597938,0.113402062,0.372606775,0.627393225,Moderate change (0.25 - 0.5)
7060446550,80,15,0.04125,0.842105263,0.157894737,0.518796992,0.481203008,Moderate change (0.25 - 0.5)
7060446640,87,15,0.06075,0.852941176,0.147058824,0.483193277,0.516806723,Moderate change (0.25 - 0.5)
7060450680,91,12,0.1555,0.883495146,0.116504854,0.382801664,0.617198336,Moderate change (0.25 - 0.5)
7060453370,97,15,0.0795,0.866071429,0.133928571,0.44005102,0.55994898,Moderate change (0.25 - 0.5)
7060453430,94,15,0.08025,0.862385321,0.137614679,0.452162516,0.547837484,Moderate change (0.25 - 0.5)
7060474840,95,14,0.1075,0.871559633,0.128440367,0.422018349,0.577981651,Moderate change (0.25 - 0.5)
7060475060,96,15,0.08475,0.864864865,0.135135135,0.444015444,0.555984556,Moderate change (0.25 - 0.5)
7060480440,103,16,0.08425,0.865546218,0.134453782,0.441776711,0.558223289,Moderate change (0.25 - 0.5)
7060480630,99,13,0.15975,0.883928571,0.116071429,0.381377551,0.618622449,Moderate change (0.25 - 0.5)
7060481890,101,13,0.11975,0.87826087,0.12173913,0.4,0.6,Very high change (> 0.75)
7060489890,91,13,0.12,0.875,0.125,0.410714286,0.589285714,Moderate change (0.25 - 0.5)
7060498570,83,16,0.03425,0.838383838,0.161616162,0.531024531,0.468975469,Moderate change (0.25 - 0.5)
8060000060,29,0,1,1,0,0,1,No change (0)
8060000070,22,0,1,1,0,0,1,No change (0)
8060000290,29,0,1,1,0,0,1,No change (0)
8060000400,21,0,1,1,0,0,1,No change (0)
8060000410,21,0,1,1,0,0,1,No change (0)
8060008980,23,0,1,1,0,0,1,No change (0)
8060009130,21,0,1,1,0,0,1,No change (0)
8060009140,21,0,1,1,0,0,1,No change (0)
8060009240,21,0,1,1,0,0,1,No change (0)
8060009250,31,0,1,1,0,0,1,No change (0)
8060009460,32,0,1,1,0,0,1,No change (0)
8060009470,32,0,1,1,0,0,1,No change (0)
8060009560,38,0,1,1,0,0,1,No change (0)
8060009570,36,0,1,1,0,0,1,No change (0)
8060009890,27,0,1,1,0,0,1,No change (0)
8060009900,27,0,1,1,0,0,1,No change (0)
8060010040,19,0,1,1,0,0,1,No change (0)
8060010050,19,0,1,1,0,0,1,No change (0)
8060010200,18,0,1,1,0,0,1,No change (0)
8060010210,18,0,1,1,0,0,1,No change (0)
8060010430,17,0,1,1,0,0,1,No change (0)
8060010440,17,0,1,1,0,0,1,No change (0)
8060010700,16,0,1,1,0,0,1,No change (0)
8060010730,16,0,1,1,0,0,1,No change (0)
8060010740,16,0,1,1,0,0,1,No change (0)
8060010850,16,0,1,1,0,0,1,No change (0)
8060010860,16,0,1,1,0,0,1,No change (0)
8060010990,16,0,1,1,0,0,1,No change (0)
8060011000,16,0,1,1,0,0,1,No change (0)
8060011250,22,0,1,1,0,0,1,No change (0)
8060011260,18,0,1,1,0,0,1,No change (0)
8060011270,18,0,1,1,0,0,1,No change (0)
8060011280,17,0,1,1,0,0,1,No change (0)
8060011310,17,0,1,1,0,0,1,No change (0)
8060011320,15,0,1,1,0,0,1,No change (0)
8060011370,15,0,1,1,0,0,1,No change (0)
8060011380,15,0,1,1,0,0,1,No change (0)
8060011450,15,0,1,1,0,0,1,No change (0)
8060011460,15,0,1,1,0,0,1,No change (0)
8060011680,15,0,1,1,0,0,1,No change (0)
8060011690,15,0,1,1,0,0,1,No change (0)
8060011800,16,0,1,1,0,0,1,No change (0)
8060011810,16,0,1,1,0,0,1,No change (0)
8060011880,15,0,1,1,0,0,1,No change (0)
8060011890,16,0,1,1,0,0,1,No change (0)
8060011980,16,0,1,1,0,0,1,No change (0)
8060011990,15,0,1,1,0,0,1,No change (0)
8060012100,15,0,1,1,0,0,1,No change (0)
8060012110,14,0,1,1,0,0,1,No change (0)
8060012500,15,0,1,1,0,0,1,No change (0)
8060012510,12,0,1,1,0,0,1,No change (0)
8060012600,16,0,1,1,0,0,1,No change (0)
8060012610,13,0,1,1,0,0,1,No change (0)
8060012680,13,0,1,1,0,0,1,No change (0)
8060012690,13,0,1,1,0,0,1,No change (0)
8060012760,13,0,1,1,0,0,1,No change (0)
8060012770,12,0,1,1,0,0,1,No change (0)
8060012900,12,0,1,1,0,0,1,No change (0)
8060012910,12,0,1,1,0,0,1,No change (0)
8060013040,12,0,1,1,0,0,1,No change (0)
8060013050,12,0,1,1,0,0,1,No change (0)
8060013480,10,0,1,1,0,0,1,No change (0)
8060013490,10,0,1,1,0,0,1,No change (0)
8060013680,10,0,1,1,0,0,1,No change (0)
8060013690,8,0,1,1,0,0,1,No change (0)
8060013760,8,0,1,1,0,0,1,No change (0)
8060013770,8,0,1,1,0,0,1,No change (0)
8060014080,4,0,1,1,0,0,1,No change (0)
8060014090,4,0,1,1,0,0,1,No change (0)
8060014500,4,0,1,1,0,0,1,No change (0)
8060014510,8,0,1,1,0,0,1,No change (0)
8060014730,8,0,1,1,0,0,1,No change (0)
8060014740,6,0,1,1,0,0,1,No change (0)
8060014810,6,0,1,1,0,0,1,No change (0)
8060014820,5,0,1,1,0,0,1,No change (0)
8060014830,5,0,1,1,0,0,1,No change (0)
8060014840,7,0,1,1,0,0,1,No change (0)
8060015210,5,0,1,1,0,0,1,No change (0)
8060015220,6,0,1,1,0,0,1,No change (0)
8060015920,4,0,1,1,0,0,1,No change (0)
8060015930,4,0,1,1,0,0,1,No change (0)
8060016020,4,0,1,1,0,0,1,No change (0)
8060016030,4,0,1,1,0,0,1,No change (0)
8060016080,4,0,1,1,0,0,1,No change (0)
8060016090,5,0,1,1,0,0,1,No change (0)
8060016570,5,0,1,1,0,0,1,No change (0)
8060016580,6,0,1,1,0,0,1,No change (0)
8060016860,5,0,1,1,0,0,1,No change (0)
8060016890,5,0,1,1,0,0,1,No change (0)
8060016910,6,0,1,1,0,0,1,No change (0)
8060017300,7,0,1,1,0,0,1,No change (0)
8060017310,7,0,1,1,0,0,1,No change (0)
8060017600,7,0,1,1,0,0,1,No change (0)
8060017610,7,0,1,1,0,0,1,No change (0)
8060017800,8,0,1,1,0,0,1,No change (0)
8060017810,8,0,1,1,0,0,1,No change (0)
8060018080,11,0,1,1,0,0,1,No change (0)
8060018090,11,0,1,1,0,0,1,No change (0)
8060018120,11,0,1,1,0,0,1,No change (0)
8060018140,12,0,1,1,0,0,1,No change (0)
8060018730,12,0,1,1,0,0,1,No change (0)
8060018740,12,0,1,1,0,0,1,No change (0)
8060018810,12,0,1,1,0,0,1,No change (0)
8060018820,12,0,1,1,0,0,1,No change (0)
8060018830,13,0,1,1,0,0,1,No change (0)
8060018840,12,0,1,1,0,0,1,No change (0)
8060018890,13,0,1,1,0,0,1,No change (0)
8060018900,13,0,1,1,0,0,1,No change (0)
8060018950,14,0,1,1,0,0,1,No change (0)
8060018970,14,0,1,1,0,0,1,No change (0)
8060018980,14,0,1,1,0,0,1,No change (0)
8060022890,4,0,1,1,0,0,1,No change (0)
8060023080,4,0,1,1,0,0,1,No change (0)
8060023090,4,0,1,1,0,0,1,No change (0)
8060023160,4,0,1,1,0,0,1,No change (0)
8060023170,4,0,1,1,0,0,1,No change (0)
8060023260,4,0,1,1,0,0,1,No change (0)
8060023270,4,0,1,1,0,0,1,No change (0)
8060023560,4,0,1,1,0,0,1,No change (0)
8060023570,4,0,1,1,0,0,1,No change (0)
8060024130,7,0,1,1,0,0,1,No change (0)
8060024230,8,0,1,1,0,0,1,No change (0)
8060024240,7,0,1,1,0,0,1,No change (0)
8060024290,7,0,1,1,0,0,1,No change (0)
8060024300,7,0,1,1,0,0,1,No change (0)
8060024340,8,0,1,1,0,0,1,No change (0)
8060024350,10,0,1,1,0,0,1,No change (0)
8060024670,7,0,1,1,0,0,1,No change (0)
8060024680,7,0,1,1,0,0,1,No change (0)
8060024850,7,0,1,1,0,0,1,No change (0)
8060024860,8,0,1,1,0,0,1,No change (0)
8060025160,8,0,1,1,0,0,1,No change (0)
8060025170,7,0,1,1,0,0,1,No change (0)
8060025650,6,0,1,1,0,0,1,No change (0)
8060025660,6,0,1,1,0,0,1,No change (0)
8060026280,4,0,1,1,0,0,1,No change (0)
8060026290,3,0,1,1,0,0,1,No change (0)
8060026320,4,0,1,1,0,0,1,No change (0)
8060026330,3,0,1,1,0,0,1,No change (0)
8060026580,3,0,1,1,0,0,1,No change (0)
8060026590,6,0,1,1,0,0,1,No change (0)
8060026830,7,0,1,1,0,0,1,No change (0)
8060026840,7,0,1,1,0,0,1,No change (0)
8060026850,7,0,1,1,0,0,1,No change (0)
8060026860,7,0,1,1,0,0,1,No change (0)
8060027540,7,0,1,1,0,0,1,No change (0)
8060027550,7,0,1,1,0,0,1,No change (0)
8060027600,6,0,1,1,0,0,1,No change (0)
8060027610,7,0,1,1,0,0,1,No change (0)
8060027930,7,0,1,1,0,0,1,No change (0)
8060027940,7,0,1,1,0,0,1,No change (0)
8060027950,7,0,1,1,0,0,1,No change (0)
8060027960,7,0,1,1,0,0,1,No change (0)
8060028180,3,0,1,1,0,0,1,No change (0)
8060028390,5,0,1,1,0,0,1,No change (0)
8060028930,2,0,1,1,0,0,1,No change (0)
8060029020,2,0,1,1,0,0,1,No change (0)
8060029030,2,0,1,1,0,0,1,No change (0)
8060029740,2,0,1,1,0,0,1,No change (0)
8060029750,2,0,1,1,0,0,1,No change (0)
8060029760,2,0,1,1,0,0,1,No change (0)
8060029770,2,0,1,1,0,0,1,No change (0)
8060030000,2,0,1,1,0,0,1,No change (0)
8060030010,2,0,1,1,0,0,1,No change (0)
8060030100,3,0,1,1,0,0,1,No change (0)
8060030130,2,0,1,1,0,0,1,No change (0)
8060030930,3,0,1,1,0,0,1,No change (0)
8060030970,3,0,1,1,0,0,1,No change (0)
8060031040,4,0,1,1,0,0,1,No change (0)
8060031050,4,0,1,1,0,0,1,No change (0)
8060031580,4,0,1,1,0,0,1,No change (0)
8060031590,4,0,1,1,0,0,1,No change (0)
8060032190,4,0,1,1,0,0,1,No change (0)
8060032200,4,0,1,1,0,0,1,No change (0)
8060032250,4,0,1,1,0,0,1,No change (0)
8060032260,3,0,1,1,0,0,1,No change (0)
8060032440,1,0,1,1,0,0,1,No change (0)
8060032840,2,0,1,1,0,0,1,No change (0)
8060033310,2,0,1,1,0,0,1,No change (0)
8060033320,2,0,1,1,0,0,1,No change (0)
8060034090,2,0,1,1,0,0,1,No change (0)
8060034100,2,0,1,1,0,0,1,No change (0)
8060034170,2,0,1,1,0,0,1,No change (0)
8060034180,2,0,1,1,0,0,1,No change (0)
8060034210,2,0,1,1,0,0,1,No change (0)
8060034220,2,0,1,1,0,0,1,No change (0)
8060034350,2,0,1,1,0,0,1,No change (0)
8060034360,2,0,1,1,0,0,1,No change (0)
8060034410,2,0,1,1,0,0,1,No change (0)
8060034420,2,0,1,1,0,0,1,No change (0)
8060034890,2,0,1,1,0,0,1,No change (0)
8060034900,2,0,1,1,0,0,1,No change (0)
8060035010,2,0,1,1,0,0,1,No change (0)
8060035020,2,0,1,1,0,0,1,No change (0)
8060036300,2,0,1,1,0,0,1,No change (0)
8060036310,2,0,1,1,0,0,1,No change (0)
8060036720,2,0,1,1,0,0,1,No change (0)
8060036730,2,0,1,1,0,0,1,No change (0)
8060038790,2,0,1,1,0,0,1,No change (0)
8060038800,2,0,1,1,0,0,1,No change (0)
8060038860,3,0,1,1,0,0,1,No change (0)
8060038870,3,0,1,1,0,0,1,No change (0)
8060039130,3,0,1,1,0,0,1,No change (0)
8060039140,3,0,1,1,0,0,1,No change (0)
8060040100,3,0,1,1,0,0,1,No change (0)
8060040110,5,0,1,1,0,0,1,No change (0)
8060041620,4,0,1,1,0,0,1,No change (0)
8060041630,3,0,1,1,0,0,1,No change (0)
8060041740,3,0,1,1,0,0,1,No change (0)
8060041750,3,0,1,1,0,0,1,No change (0)
8060041920,3,0,1,1,0,0,1,No change (0)
8060041930,3,0,1,1,0,0,1,No change (0)
8060041980,3,0,1,1,0,0,1,No change (0)
8060041990,4,0,1,1,0,0,1,No change (0)
8060042220,3,0,1,1,0,0,1,No change (0)
8060042230,3,0,1,1,0,0,1,No change (0)
8060042460,2,0,1,1,0,0,1,No change (0)
8060042470,2,0,1,1,0,0,1,No change (0)
8060042570,2,0,1,1,0,0,1,No change (0)
8060042580,2,0,1,1,0,0,1,No change (0)
8060042710,2,0,1,1,0,0,1,No change (0)
8060042720,2,0,1,1,0,0,1,No change (0)
8060042770,2,0,1,1,0,0,1,No change (0)
8060042780,2,0,1,1,0,0,1,No change (0)
8060042910,2,0,1,1,0,0,1,No change (0)
8060042920,2,0,1,1,0,0,1,No change (0)
8060043200,1,0,1,1,0,0,1,No change (0)
8060043700,2,0,1,1,0,0,1,No change (0)
8060043890,1,0,1,1,0,0,1,No change (0)
8060044350,2,0,1,1,0,0,1,No change (0)
8060044560,1,0,1,1,0,0,1,No change (0)
8060045460,1,0,1,1,0,0,1,No change (0)
8060045500,1,0,1,1,0,0,1,No change (0)
8060045520,1,0,1,1,0,0,1,No change (0)
8060045610,1,0,1,1,0,0,1,No change (0)
8060045900,1,0,1,1,0,0,1,No change (0)
8060045910,2,0,1,1,0,0,1,No change (0)
8060047650,1,0,1,1,0,0,1,No change (0)
8060047690,1,0,1,1,0,0,1,No change (0)
8060047730,2,0,1,1,0,0,1,No change (0)
8060048550,2,0,1,1,0,0,1,No change (0)
8060048860,1,0,1,1,0,0,1,No change (0)
8060049370,1,0,1,1,0,0,1,No change (0)
8060049390,1,0,1,1,0,0,1,No change (0)
8060049610,1,0,1,1,0,0,1,No change (0)
8060049710,1,0,1,1,0,0,1,No change (0)
8060049760,1,0,1,1,0,0,1,No change (0)
8060049770,1,0,1,1,0,0,1,No change (0)
8060049910,1,0,1,1,0,0,1,No change (0)
8060049920,1,0,1,1,0,0,1,No change (0)
8060050500,1,0,1,1,0,0,1,No change (0)
8060050510,1,0,1,1,0,0,1,No change (0)
8060051210,1,0,1,1,0,0,1,No change (0)
8060051220,1,0,1,1,0,0,1,No change (0)
8060051550,1,0,1,1,0,0,1,No change (0)
8060052070,1,0,1,1,0,0,1,No change (0)
8060052080,1,0,1,1,0,0,1,No change (0)
8060052550,1,0,1,1,0,0,1,No change (0)
8060052560,1,0,1,1,0,0,1,No change (0)
8060052780,1,0,1,1,0,0,1,No change (0)
8060052790,1,0,1,1,0,0,1,No change (0)
8060053040,1,0,1,1,0,0,1,No change (0)
8060053050,1,0,1,1,0,0,1,No change (0)
8060053110,1,0,1,1,0,0,1,No change (0)
8060053140,2,0,1,1,0,0,1,No change (0)
8060055670,2,0,1,1,0,0,1,No change (0)
8060055680,2,0,1,1,0,0,1,No change (0)
8060055790,2,0,1,1,0,0,1,No change (0)
8060055800,2,0,1,1,0,0,1,No change (0)
8060056630,1,0,1,1,0,0,1,No change (0)
8060056640,1,0,1,1,0,0,1,No change (0)
8060056650,2,0,1,1,0,0,1,No change (0)
8060056660,1,0,1,1,0,0,1,No change (0)
8060056830,1,0,1,1,0,0,1,No change (0)
8060056840,1,0,1,1,0,0,1,No change (0)
8060056990,1,0,1,1,0,0,1,No change (0)
8060057000,1,0,1,1,0,0,1,No change (0)
8060057510,1,0,1,1,0,0,1,No change (0)
8060057520,1,0,1,1,0,0,1,No change (0)
8060057550,2,0,1,1,0,0,1,No change (0)
8060057560,1,0,1,1,0,0,1,No change (0)
8060057950,2,0,1,1,0,0,1,No change (0)
8060057960,1,0,1,1,0,0,1,No change (0)
8060058090,1,0,1,1,0,0,1,No change (0)
8060058100,2,0,1,1,0,0,1,No change (0)
8060058500,1,0,1,1,0,0,1,No change (0)
8060058510,1,0,1,1,0,0,1,No change (0)
8060058610,1,0,1,1,0,0,1,No change (0)
8060058620,1,0,1,1,0,0,1,No change (0)
8060104840,27,0,1,1,0,0,1,No change (0)
8060104850,19,0,1,1,0,0,1,No change (0)
8060105550,18,0,1,1,0,0,1,No change (0)
8060105600,15,0,1,1,0,0,1,No change (0)
8060109640,31,0,1,1,0,0,1,No change (0)
8060109650,14,0,1,1,0,0,1,No change (0)
8060112340,33,0,1,1,0,0,1,No change (0)
8060112350,37,0,1,1,0,0,1,No change (0)
8060119620,20,0,1,1,0,0,1,No change (0)
8060119700,20,0,1,1,0,0,1,No change (0)
8060122010,39,0,1,1,0,0,1,No change (0)
8060122100,35,0,1,1,0,0,1,No change (0)
8060125280,21,0,1,1,0,0,1,No change (0)
8060125380,32,0,1,1,0,0,1,No change (0)
8060126470,15,0,1,1,0,0,1,No change (0)
8060126630,15,0,1,1,0,0,1,No change (0)
8060129020,18,0,1,1,0,0,1,No change (0)
8060129130,18,0,1,1,0,0,1,No change (0)
8060129330,10,0,1,1,0,0,1,No change (0)
8060129410,11,0,1,1,0,0,1,No change (0)
8060129850,22,0,1,1,0,0,1,No change (0)
8060130010,20,0,1,1,0,0,1,No change (0)
8060130480,21,0,1,1,0,0,1,No change (0)
8060142120,4,0,1,1,0,0,1,No change (0)
8060142230,3,0,1,1,0,0,1,No change (0)
8060146840,21,0,1,1,0,0,1,No change (0)
8060146880,3,0,1,1,0,0,1,No change (0)
8060146950,3,0,1,1,0,0,1,No change (0)
8060147670,22,0,1,1,0,0,1,No change (0)
8060147790,24,0,1,1,0,0,1,No change (0)
8060147850,23,0,1,1,0,0,1,No change (0)
8060147910,25,0,1,1,0,0,1,No change (0)
8060147990,3,0,1,1,0,0,1,No change (0)
8060148000,3,0,1,1,0,0,1,No change (0)
8060148430,40,0,1,1,0,0,1,No change (0)
8060148510,38,0,1,1,0,0,1,No change (0)
8060148880,24,0,1,1,0,0,1,No change (0)
8060148890,25,0,1,1,0,0,1,No change (0)
8060150880,24,0,1,1,0,0,1,No change (0)
8060150960,23,0,1,1,0,0,1,No change (0)
8060152090,16,0,1,1,0,0,1,No change (0)
8060152250,20,0,1,1,0,0,1,No change (0)
8060152450,33,0,1,1,0,0,1,No change (0)
8060152640,33,0,1,1,0,0,1,No change (0)
8060153970,22,0,1,1,0,0,1,No change (0)
8060154140,15,0,1,1,0,0,1,No change (0)
8060154280,15,0,1,1,0,0,1,No change (0)
8060155560,23,0,1,1,0,0,1,No change (0)
8060155650,36,0,1,1,0,0,1,No change (0)
8060155680,22,0,1,1,0,0,1,No change (0)
8060155780,23,0,1,1,0,0,1,No change (0)
8060156300,11,0,1,1,0,0,1,No change (0)
8060156310,10,0,1,1,0,0,1,No change (0)
8060157910,23,0,1,1,0,0,1,No change (0)
8060158000,15,0,1,1,0,0,1,No change (0)
8060159800,19,0,1,1,0,0,1,No change (0)
8060159820,11,0,1,1,0,0,1,No change (0)
8060159890,14,0,1,1,0,0,1,No change (0)
8060160010,13,0,1,1,0,0,1,No change (0)
8060160210,20,0,1,1,0,0,1,No change (0)
8060160330,14,0,1,1,0,0,1,No change (0)
8060162560,21,0,1,1,0,0,1,No change (0)
8060162570,23,0,1,1,0,0,1,No change (0)
8060164230,22,0,1,1,0,0,1,No change (0)
8060164290,37,0,1,1,0,0,1,No change (0)
8060170460,24,0,1,1,0,0,1,No change (0)
8060170630,36,0,1,1,0,0,1,No change (0)
8060176270,20,0,1,1,0,0,1,No change (0)
8060176280,16,0,1,1,0,0,1,No change (0)
8060177260,14,0,1,1,0,0,1,No change (0)
8060177370,15,0,1,1,0,0,1,No change (0)
8060178540,3,0,1,1,0,0,1,No change (0)
8060178550,3,0,1,1,0,0,1,No change (0)
8060183070,38,0,1,1,0,0,1,No change (0)
8060183170,38,0,1,1,0,0,1,No change (0)
8060185500,17,0,1,1,0,0,1,No change (0)
8060185510,17,0,1,1,0,0,1,No change (0)
8060189330,19,1,0.53575,0.95,0.05,0.164285714,0.835714286,Low change (0 - 0.25)
8060189340,13,0,1,1,0,0,1,No change (0)
8060190480,15,0,1,1,0,0,1,No change (0)
8060190630,14,0,1,1,0,0,1,No change (0)
8060191160,16,0,1,1,0,0,1,No change (0)
8060191300,16,0,1,1,0,0,1,No change (0)
8060192880,15,0,1,1,0,0,1,No change (0)
8060193020,14,0,1,1,0,0,1,No change (0)
8060193680,15,0,1,1,0,0,1,No change (0)
8060193730,16,1,0.50425,0.941176471,0.058823529,0.193277311,0.806722689,Low change (0 - 0.25)
8060194110,19,0,1,1,0,0,1,No change (0)
8060194180,19,0,1,1,0,0,1,No change (0)
8060194580,24,0,1,1,0,0,1,No change (0)
8060194590,35,0,1,1,0,0,1,No change (0)
8060196780,35,0,1,1,0,0,1,No change (0)
8060196880,22,0,1,1,0,0,1,No change (0)
8060197650,16,1,0.491,0.941176471,0.058823529,0.193277311,0.806722689,Low change (0 - 0.25)
8060197790,17,1,0.521,0.944444444,0.055555556,0.182539683,0.817460317,Low change (0 - 0.25)
8060199520,15,0,1,1,0,0,1,No change (0)
8060199600,13,0,1,1,0,0,1,No change (0)
8060201080,15,0,1,1,0,0,1,No change (0)
8060201110,11,0,1,1,0,0,1,No change (0)
8060201750,16,0,1,1,0,0,1,No change (0)
8060201890,23,2,0.37275,0.92,0.08,0.262857143,0.737142857,Low change (0 - 0.25)
8060202510,20,0,1,1,0,0,1,No change (0)
8060202520,19,0,1,1,0,0,1,No change (0)
8060202910,17,1,0.51125,0.944444444,0.055555556,0.182539683,0.817460317,Low change (0 - 0.25)
8060203090,24,2,0.39225,0.923076923,0.076923077,0.252747253,0.747252747,Low change (0 - 0.25)
8060211650,13,0,1,1,0,0,1,No change (0)
8060211690,10,0,1,1,0,0,1,No change (0)
8060211920,14,0,1,1,0,0,1,No change (0)
8060211930,13,0,1,1,0,0,1,No change (0)
8060212940,16,0,1,1,0,0,1,No change (0)
8060212970,15,0,1,1,0,0,1,No change (0)
8060213590,14,0,1,1,0,0,1,No change (0)
8060213720,14,0,1,1,0,0,1,No change (0)
8060214100,18,0,1,1,0,0,1,No change (0)
8060214160,15,0,1,1,0,0,1,No change (0)
8060216240,13,0,1,1,0,0,1,No change (0)
8060216310,13,0,1,1,0,0,1,No change (0)
8060219130,18,0,1,1,0,0,1,No change (0)
8060219290,19,0,1,1,0,0,1,No change (0)
8060221500,19,0,1,1,0,0,1,No change (0)
8060221510,17,0,1,1,0,0,1,No change (0)
8060222000,18,0,1,1,0,0,1,No change (0)
8060222130,17,0,1,1,0,0,1,No change (0)
8060224890,20,0,1,1,0,0,1,No change (0)
8060226210,25,2,0.42,0.925925926,0.074074074,0.243386243,0.756613757,Low change (0 - 0.25)
8060226220,26,2,0.44075,0.928571429,0.071428571,0.234693878,0.765306122,Low change (0 - 0.25)
8060226940,14,0,1,1,0,0,1,No change (0)
8060227070,12,0,1,1,0,0,1,No change (0)
8060228670,15,0,1,1,0,0,1,No change (0)
8060228740,15,0,1,1,0,0,1,No change (0)
8060229140,30,3,0.281,0.909090909,0.090909091,0.298701299,0.701298701,Low change (0 - 0.25)
8060229150,25,3,0.194,0.892857143,0.107142857,0.352040816,0.647959184,Moderate change (0.25 - 0.5)
8060229590,10,0,1,1,0,0,1,No change (0)
8060229750,11,0,1,1,0,0,1,No change (0)
8060230530,15,0,1,1,0,0,1,No change (0)
8060230650,16,0,1,1,0,0,1,No change (0)
8060231190,17,0,1,1,0,0,1,No change (0)
8060231240,21,0,1,1,0,0,1,No change (0)
8060231560,35,1,0.8255,0.972222222,0.027777778,0.091269841,0.908730159,Low change (0 - 0.25)
8060231700,35,0,1,1,0,0,1,No change (0)
8060234860,20,0,1,1,0,0,1,No change (0)
8060234870,17,0,1,1,0,0,1,No change (0)
8060236260,15,0,1,1,0,0,1,No change (0)
8060236470,16,0,1,1,0,0,1,No change (0)
8060239530,18,1,0.541,0.947368421,0.052631579,0.172932331,0.827067669,Low change (0 - 0.25)
8060239620,17,1,0.50275,0.944444444,0.055555556,0.182539683,0.817460317,Low change (0 - 0.25)
8060239840,18,0,1,1,0,0,1,No change (0)
8060240040,17,0,1,1,0,0,1,No change (0)
8060241560,15,0,1,1,0,0,1,No change (0)
8060241570,16,0,1,1,0,0,1,No change (0)
8060243400,35,0,1,1,0,0,1,No change (0)
8060243490,25,0,1,1,0,0,1,No change (0)
8060243620,16,0,1,1,0,0,1,No change (0)
8060243800,15,0,1,1,0,0,1,No change (0)
8060245770,28,3,0.24675,0.903225806,0.096774194,0.31797235,0.68202765,Moderate change (0.25 - 0.5)
8060245940,28,3,0.22825,0.903225806,0.096774194,0.31797235,0.68202765,Moderate change (0.25 - 0.5)
8060246110,27,3,0.21775,0.9,0.1,0.328571429,0.671428571,Moderate change (0.25 - 0.5)
8060246160,28,3,0.23925,0.903225806,0.096774194,0.31797235,0.68202765,Moderate change (0.25 - 0.5)
8060249210,15,0,1,1,0,0,1,No change (0)
8060249330,14,0,1,1,0,0,1,No change (0)
8060251780,17,0,1,1,0,0,1,No change (0)
8060251940,20,0,1,1,0,0,1,No change (0)
8060252130,26,0,1,1,0,0,1,No change (0)
8060252250,18,0,1,1,0,0,1,No change (0)
8060252610,36,0,1,1,0,0,1,No change (0)
8060252760,35,0,1,1,0,0,1,No change (0)
8060252780,28,3,0.23475,0.903225806,0.096774194,0.31797235,0.68202765,Moderate change (0.25 - 0.5)
8060252880,28,3,0.23375,0.903225806,0.096774194,0.31797235,0.68202765,Moderate change (0.25 - 0.5)
8060254850,36,1,0.819,0.972972973,0.027027027,0.088803089,0.911196911,Low change (0 - 0.25)
8060254970,35,0,1,1,0,0,1,No change (0)
8060258460,29,3,0.2605,0.90625,0.09375,0.308035714,0.691964286,Moderate change (0.25 - 0.5)
8060258570,32,4,0.181,0.888888889,0.111111111,0.365079365,0.634920635,Moderate change (0.25 - 0.5)
8060258800,15,0,1,1,0,0,1,No change (0)
8060258940,13,0,1,1,0,0,1,No change (0)
8060259520,21,0,1,1,0,0,1,No change (0)
8060259590,22,0,1,1,0,0,1,No change (0)
8060259990,19,0,1,1,0,0,1,No change (0)
8060260060,15,0,1,1,0,0,1,No change (0)
8060260870,36,1,0.8225,0.972972973,0.027027027,0.088803089,0.911196911,Low change (0 - 0.25)
8060261020,34,0,1,1,0,0,1,No change (0)
8060261040,23,0,1,1,0,0,1,No change (0)
8060261050,20,0,1,1,0,0,1,No change (0)
8060261290,34,3,0.3395,0.918918919,0.081081081,0.266409266,0.733590734,Low change (0 - 0.25)
8060261310,29,3,0.259,0.90625,0.09375,0.308035714,0.691964286,Moderate change (0.25 - 0.5)
8060261410,35,3,0.366,0.921052632,0.078947368,0.259398496,0.740601504,Low change (0 - 0.25)
8060261430,32,4,0.174,0.888888889,0.111111111,0.365079365,0.634920635,Moderate change (0.25 - 0.5)
8060262310,30,3,0.28775,0.909090909,0.090909091,0.298701299,0.701298701,Low change (0 - 0.25)
8060264660,36,1,0.829,0.972972973,0.027027027,0.088803089,0.911196911,Low change (0 - 0.25)
8060264760,34,0,1,1,0,0,1,No change (0)
8060264770,34,4,0.2035,0.894736842,0.105263158,0.345864662,0.654135338,Moderate change (0.25 - 0.5)
8060265410,17,0,1,1,0,0,1,No change (0)
8060265470,20,0,1,1,0,0,1,No change (0)
8060266590,34,4,0.18825,0.894736842,0.105263158,0.345864662,0.654135338,Moderate change (0.25 - 0.5)
8060267640,17,0,1,1,0,0,1,No change (0)
8060267770,21,0,1,1,0,0,1,No change (0)
8060269310,33,3,0.33475,0.916666667,0.083333333,0.273809524,0.726190476,Low change (0 - 0.25)
8060269450,35,1,0.82275,0.972222222,0.027777778,0.091269841,0.908730159,Low change (0 - 0.25)
8060270510,28,0,1,1,0,0,1,No change (0)
8060270520,31,0,1,1,0,0,1,No change (0)
8060271000,32,4,0.174,0.888888889,0.111111111,0.365079365,0.634920635,Moderate change (0.25 - 0.5)
8060271080,31,3,0.28425,0.911764706,0.088235294,0.289915966,0.710084034,Low change (0 - 0.25)
8060272020,32,3,0.3115,0.914285714,0.085714286,0.281632653,0.718367347,Low change (0 - 0.25)
8060272130,34,3,0.336,0.918918919,0.081081081,0.266409266,0.733590734,Low change (0 - 0.25)
8060274770,24,0,1,1,0,0,1,No change (0)
8060274780,21,0,1,1,0,0,1,No change (0)
8060275110,28,3,0.23675,0.903225806,0.096774194,0.31797235,0.68202765,Moderate change (0.25 - 0.5)
8060275180,29,2,0.47975,0.935483871,0.064516129,0.211981567,0.788018433,Low change (0 - 0.25)
8060279860,30,2,0.492,0.9375,0.0625,0.205357143,0.794642857,Low change (0 - 0.25)
8060279900,32,2,0.5025,0.941176471,0.058823529,0.193277311,0.806722689,Low change (0 - 0.25)
8060280610,19,0,1,1,0,0,1,No change (0)
8060280670,23,0,1,1,0,0,1,No change (0)
8060281800,20,0,1,1,0,0,1,No change (0)
8060281810,16,0,1,1,0,0,1,No change (0)
8060282510,13,0,1,1,0,0,1,No change (0)
8060282670,13,0,1,1,0,0,1,No change (0)
8060282950,23,1,0.66375,0.958333333,0.041666667,0.136904762,0.863095238,Low change (0 - 0.25)
8060283050,22,1,0.634,0.956521739,0.043478261,0.142857143,0.857142857,Low change (0 - 0.25)
8060283540,15,0,1,1,0,0,1,No change (0)
8060283690,13,0,1,1,0,0,1,No change (0)
8060285990,14,0,1,1,0,0,1,No change (0)
8060286130,14,0,1,1,0,0,1,No change (0)
8060286860,28,0,1,1,0,0,1,No change (0)
8060286910,31,0,1,1,0,0,1,No change (0)
8060287560,13,0,1,1,0,0,1,No change (0)
8060287650,15,1,0.48225,0.9375,0.0625,0.205357143,0.794642857,Low change (0 - 0.25)
8060287740,27,0,1,1,0,0,1,No change (0)
8060287840,26,0,1,1,0,0,1,No change (0)
8060290230,13,0,1,1,0,0,1,No change (0)
8060290300,15,0,1,1,0,0,1,No change (0)
8060292590,16,1,0.492,0.941176471,0.058823529,0.193277311,0.806722689,Low change (0 - 0.25)
8060292670,17,1,0.5245,0.944444444,0.055555556,0.182539683,0.817460317,Low change (0 - 0.25)
8060293820,16,0,1,1,0,0,1,No change (0)
8060293840,13,0,1,1,0,0,1,No change (0)
8060293870,16,0,1,1,0,0,1,No change (0)
8060293900,17,0,1,1,0,0,1,No change (0)
8060294870,26,0,1,1,0,0,1,No change (0)
8060294970,26,0,1,1,0,0,1,No change (0)
8060296400,26,0,1,1,0,0,1,No change (0)
8060296490,21,0,1,1,0,0,1,No change (0)
8060297330,24,0,1,1,0,0,1,No change (0)
8060297380,21,1,0.603,0.954545455,0.045454545,0.149350649,0.850649351,Low change (0 - 0.25)
8060297770,16,0,1,1,0,0,1,No change (0)
8060297840,17,1,0.50025,0.944444444,0.055555556,0.182539683,0.817460317,Low change (0 - 0.25)
8060298100,23,0,1,1,0,0,1,No change (0)
8060298170,27,0,1,1,0,0,1,No change (0)
8060298770,26,0,1,1,0,0,1,No change (0)
8060298780,27,0,1,1,0,0,1,No change (0)
8060298840,26,0,1,1,0,0,1,No change (0)
8060298910,27,0,1,1,0,0,1,No change (0)
8060299210,20,0,1,1,0,0,1,No change (0)
8060299220,23,0,1,1,0,0,1,No change (0)
8060302210,20,0,1,1,0,0,1,No change (0)
8060302220,21,0,1,1,0,0,1,No change (0)
8060302950,24,1,0.70425,0.96,0.04,0.131428571,0.868571429,Low change (0 - 0.25)
8060303080,27,1,0.78225,0.964285714,0.035714286,0.117346939,0.882653061,Low change (0 - 0.25)
8060303200,23,1,0.6655,0.958333333,0.041666667,0.136904762,0.863095238,Low change (0 - 0.25)
8060303240,24,0,1,1,0,0,1,No change (0)
8060303960,25,0,1,1,0,0,1,No change (0)
8060304100,25,0,1,1,0,0,1,No change (0)
8060304890,20,0,1,1,0,0,1,No change (0)
8060305050,20,0,1,1,0,0,1,No change (0)
8060305540,20,0,1,1,0,0,1,No change (0)
8060305580,23,0,1,1,0,0,1,No change (0)
8060306890,25,0,1,1,0,0,1,No change (0)
8060306940,26,0,1,1,0,0,1,No change (0)
8060306950,26,0,1,1,0,0,1,No change (0)
8060306980,27,0,1,1,0,0,1,No change (0)
8060307300,28,1,0.7995,0.965517241,0.034482759,0.113300493,0.886699507,Low change (0 - 0.25)
8060307380,27,1,0.7785,0.964285714,0.035714286,0.117346939,0.882653061,Low change (0 - 0.25)
8060308670,25,0,1,1,0,0,1,No change (0)
8060308720,25,1,0.73425,0.961538462,0.038461538,0.126373626,0.873626374,Low change (0 - 0.25)
8060309320,23,0,1,1,0,0,1,No change (0)
8060309340,27,0,1,1,0,0,1,No change (0)
8060311060,28,2,0.46875,0.933333333,0.066666667,0.219047619,0.780952381,Low change (0 - 0.25)
8060311100,29,0,1,1,0,0,1,No change (0)
8060311240,28,1,0.79,0.965517241,0.034482759,0.113300493,0.886699507,Low change (0 - 0.25)
8060311330,28,1,0.788,0.965517241,0.034482759,0.113300493,0.886699507,Low change (0 - 0.25)
8060314130,27,0,1,1,0,0,1,No change (0)
8060314150,27,1,0.786,0.964285714,0.035714286,0.117346939,0.882653061,Low change (0 - 0.25)
8060315160,24,0,1,1,0,0,1,No change (0)
8060315230,25,1,0.73875,0.961538462,0.038461538,0.126373626,0.873626374,Low change (0 - 0.25)
8060315580,27,1,0.77925,0.964285714,0.035714286,0.117346939,0.882653061,Low change (0 - 0.25)
8060315650,25,1,0.7405,0.961538462,0.038461538,0.126373626,0.873626374,Low change (0 - 0.25)
8060316070,23,0,1,1,0,0,1,No change (0)
8060316110,29,2,0.486,0.935483871,0.064516129,0.211981567,0.788018433,Low change (0 - 0.25)
8060320050,26,1,0.7605,0.962962963,0.037037037,0.121693122,0.878306878,Low change (0 - 0.25)
8060320060,27,1,0.7735,0.964285714,0.035714286,0.117346939,0.882653061,Low change (0 - 0.25)
8060322700,24,1,0.6905,0.96,0.04,0.131428571,0.868571429,Low change (0 - 0.25)
8060322730,17,1,0.4975,0.944444444,0.055555556,0.182539683,0.817460317,Low change (0 - 0.25)
8060323980,28,2,0.456,0.933333333,0.066666667,0.219047619,0.780952381,Low change (0 - 0.25)
8060324030,25,2,0.41475,0.925925926,0.074074074,0.243386243,0.756613757,Low change (0 - 0.25)
8060325210,26,1,0.7695,0.962962963,0.037037037,0.121693122,0.878306878,Low change (0 - 0.25)
8060325250,26,1,0.77575,0.962962963,0.037037037,0.121693122,0.878306878,Low change (0 - 0.25)
8060325760,28,2,0.47775,0.933333333,0.066666667,0.219047619,0.780952381,Low change (0 - 0.25)
8060325830,28,1,0.7935,0.965517241,0.034482759,0.113300493,0.886699507,Low change (0 - 0.25)
8060327140,27,1,0.7725,0.964285714,0.035714286,0.117346939,0.882653061,Low change (0 - 0.25)
8060327190,28,1,0.7945,0.965517241,0.034482759,0.113300493,0.886699507,Low change (0 - 0.25)
8060327650,18,1,0.53125,0.947368421,0.052631579,0.172932331,0.827067669,Low change (0 - 0.25)
8060327690,20,1,0.57775,0.952380952,0.047619048,0.156462585,0.843537415,Low change (0 - 0.25)
8060327990,28,1,0.795,0.965517241,0.034482759,0.113300493,0.886699507,Low change (0 - 0.25)
8060328000,28,1,0.80825,0.965517241,0.034482759,0.113300493,0.886699507,Low change (0 - 0.25)
8060328010,28,1,0.79225,0.965517241,0.034482759,0.113300493,0.886699507,Low change (0 - 0.25)
8060328070,28,1,0.80675,0.965517241,0.034482759,0.113300493,0.886699507,Low change (0 - 0.25)
8060328330,28,3,0.24125,0.903225806,0.096774194,0.31797235,0.68202765,Moderate change (0.25 - 0.5)
8060328340,26,1,0.74725,0.962962963,0.037037037,0.121693122,0.878306878,Low change (0 - 0.25)
8060328810,28,1,0.794,0.965517241,0.034482759,0.113300493,0.886699507,Low change (0 - 0.25)
8060328820,26,2,0.44425,0.928571429,0.071428571,0.234693878,0.765306122,Low change (0 - 0.25)
8060331230,24,2,0.41125,0.923076923,0.076923077,0.252747253,0.747252747,Low change (0 - 0.25)
8060331290,24,2,0.38925,0.923076923,0.076923077,0.252747253,0.747252747,Low change (0 - 0.25)
8060331570,25,2,0.41875,0.925925926,0.074074074,0.243386243,0.756613757,Low change (0 - 0.25)
8060331600,24,2,0.4035,0.923076923,0.076923077,0.252747253,0.747252747,Low change (0 - 0.25)
8060331740,29,2,0.489,0.935483871,0.064516129,0.211981567,0.788018433,Low change (0 - 0.25)
8060331800,27,2,0.4495,0.931034483,0.068965517,0.226600985,0.773399015,Low change (0 - 0.25)
8060331810,28,2,0.4775,0.933333333,0.066666667,0.219047619,0.780952381,Low change (0 - 0.25)
8060331910,29,2,0.479,0.935483871,0.064516129,0.211981567,0.788018433,Low change (0 - 0.25)
8060331970,32,4,0.18125,0.888888889,0.111111111,0.365079365,0.634920635,Moderate change (0.25 - 0.5)
8060331980,29,3,0.26725,0.90625,0.09375,0.308035714,0.691964286,Moderate change (0.25 - 0.5)
8060332200,32,3,0.3045,0.914285714,0.085714286,0.281632653,0.718367347,Low change (0 - 0.25)
8060332210,19,2,0.268,0.904761905,0.095238095,0.31292517,0.68707483,Moderate change (0.25 - 0.5)
8060332260,19,2,0.26225,0.904761905,0.095238095,0.31292517,0.68707483,Moderate change (0.25 - 0.5)
8060332270,28,3,0.23575,0.903225806,0.096774194,0.31797235,0.68202765,Moderate change (0.25 - 0.5)
8060332600,31,2,0.48525,0.939393939,0.060606061,0.199134199,0.800865801,Low change (0 - 0.25)
8060332620,32,3,0.314,0.914285714,0.085714286,0.281632653,0.718367347,Low change (0 - 0.25)
8060332820,19,2,0.257,0.904761905,0.095238095,0.31292517,0.68707483,Moderate change (0.25 - 0.5)
8060332850,19,2,0.2495,0.904761905,0.095238095,0.31292517,0.68707483,Moderate change (0.25 - 0.5)
8060332890,21,2,0.313,0.913043478,0.086956522,0.285714286,0.714285714,Low change (0 - 0.25)
8060332940,21,2,0.31575,0.913043478,0.086956522,0.285714286,0.714285714,Low change (0 - 0.25)
8060333190,19,2,0.2525,0.904761905,0.095238095,0.31292517,0.68707483,Moderate change (0.25 - 0.5)
8060333260,23,3,0.16475,0.884615385,0.115384615,0.379120879,0.620879121,Moderate change (0.25 - 0.5)
8060335620,27,3,0.23025,0.9,0.1,0.328571429,0.671428571,Moderate change (0.25 - 0.5)
8060335660,26,3,0.215,0.896551724,0.103448276,0.339901478,0.660098522,Moderate change (0.25 - 0.5)
8060338740,26,3,0.21075,0.896551724,0.103448276,0.339901478,0.660098522,Moderate change (0.25 - 0.5)
8060338780,27,1,0.78425,0.964285714,0.035714286,0.117346939,0.882653061,Low change (0 - 0.25)
8060338810,23,3,0.1625,0.884615385,0.115384615,0.379120879,0.620879121,Moderate change (0.25 - 0.5)
8060338830,26,3,0.215,0.896551724,0.103448276,0.339901478,0.660098522,Moderate change (0.25 - 0.5)
8060338970,27,4,0.10225,0.870967742,0.129032258,0.423963134,0.576036866,Moderate change (0.25 - 0.5)
8060339000,23,3,0.15675,0.884615385,0.115384615,0.379120879,0.620879121,Moderate change (0.25 - 0.5)
8060340700,26,3,0.21575,0.896551724,0.103448276,0.339901478,0.660098522,Moderate change (0.25 - 0.5)
8060340710,29,3,0.26175,0.90625,0.09375,0.308035714,0.691964286,Moderate change (0.25 - 0.5)
8060341320,23,3,0.17075,0.884615385,0.115384615,0.379120879,0.620879121,Moderate change (0.25 - 0.5)
8060341350,23,3,0.15175,0.884615385,0.115384615,0.379120879,0.620879121,Moderate change (0.25 - 0.5)
8060342260,26,2,0.4495,0.928571429,0.071428571,0.234693878,0.765306122,Low change (0 - 0.25)
8060342280,26,3,0.2085,0.896551724,0.103448276,0.339901478,0.660098522,Moderate change (0.25 - 0.5)
8060342750,27,3,0.24025,0.9,0.1,0.328571429,0.671428571,Moderate change (0.25 - 0.5)
8060342780,27,2,0.46525,0.931034483,0.068965517,0.226600985,0.773399015,Low change (0 - 0.25)
8060343100,23,2,0.35925,0.92,0.08,0.262857143,0.737142857,Low change (0 - 0.25)
8060343130,25,2,0.41675,0.925925926,0.074074074,0.243386243,0.756613757,Low change (0 - 0.25)
